name,make,year,age,mileage,transmission,colour,price
2000 BUICK CENTURY CUSTOM Sedan 4 Door,BUICK,2000,21,1,AUTOMATIC,CHAMPAGNE,357
2004 HONDA CIVIC LX,HONDA,2004,17,134095,AUTOMATIC,GRAY,850
1993 FORD MUSTANG LX,FORD,1993,28,99086,AUTOMATIC,WHITE,975
1998 HONDA CR-V LX,HONDA,1998,23,194018,AUTOMATIC,BLUE,925
1999 CHEVROLET TAHOE K1500 Wagon 4 Door,CHEVROLET,1999,22,264054,AUTOMATIC,GRAY,750
2004 HONDA CIVIC EX,HONDA,2004,17,0,AUTOMATIC,GRAY,1000
2009 DODGE JOURNEY SE Wagon 4 Door,DODGE,2009,12,216676,AUTOMATIC,GREEN,1000
2002 HONDA ACCORD EX,HONDA,2002,19,218985,AUTOMATIC,BLACK,725
2002 DODGE DAKOTA BAS,DODGE,2002,19,157868,AUTOMATIC,BLUE,900
2006 HYUNDAI ACCENT GLS,HYUNDAI,2006,15,145902,AUTOMATIC,BLUE,950
2000 CHRYSLER VOYAGER,CHRYSLER,2000,21,195838,AUTOMATIC,BEIGE,750
2008 HONDA ACCORD EXL,HONDA,2008,13,265938,AUTOMATIC,GRAY,1000
1999 FORD EXPLORER,FORD,1999,22,139990,AUTOMATIC,RED,1000
2002 HONDA ACCORD EX,HONDA,2002,19,6651,AUTOMATIC,SILVER,825
2010 DODGE CALIBER SX,DODGE,2010,11,176531,AUTOMATIC,BLACK,1000
2007 CHRYSLER 300,CHRYSLER,2007,14,160970,AUTOMATIC,WHITE,725
2006 FORD FUSION SE,FORD,2006,15,193374,AUTOMATIC,SILVER,900
2006 CHRYSLER 300 TOURIN,CHRYSLER,2006,15,171579,AUTOMATIC,SILVER,850
2005 CHEVROLET CLASSIC Sedan 4 Door,CHEVROLET,2005,16,163013,AUTOMATIC,SILVER,1000
2005 HONDA ACCORD LX,HONDA,2005,16,354898,AUTOMATIC,BLUE,599
2004 CHEVROLET TAHOE C1500 Wagon 4 Door,CHEVROLET,2004,17,135928,AUTOMATIC,GRAY,1000
2004 HONDA CIVIC LX,HONDA,2004,17,0,AUTOMATIC,WHITE,675
2001 FORD ESCAPE XLS,FORD,2001,20,174419,MANUAL,BLACK,999
1998 HONDA CR-V LX Wagon 4 Door,HONDA,1998,23,159460,AUTOMATIC,BLUE,1000
2007 DODGE CALIBER SX,DODGE,2007,14,0,AUTOMATIC,PURPLE,700
2002 HONDA CIVIC LX Sedan 4 Door,HONDA,2002,19,279510,AUTOMATIC,WHITE,925
2007 CHRYSLER PT CRUISER TOURING ED Sport Van,CHRYSLER,2007,14,130186,AUTOMATIC,BLUE,950
2000 FORD EXPLORER SPORT Wagon 2 Door,FORD,2000,21,149328,AUTOMATIC,GREEN,650
1984 DATSUN 720 KING C,DATSUN,1984,37,130353,MANUAL,BLUE,600
2002 HONDA CIVIC EX,HONDA,2002,19,253972,AUTOMATIC,MAROON,850
2002 FORD ESCAPE XLT,FORD,2002,19,232117,AUTOMATIC,SILVER,600
2000 DODGE DURANGO Wagon 4 Door,DODGE,2000,21,296912,AUTOMATIC,WHITE,700
2007 FORD ESCAPE XLT,FORD,2007,14,0,AUTOMATIC,TEAL,700
2005 FORD FREESTAR LIMITED SPORTS VAN,FORD,2005,16,1,AUTOMATIC,GRAY,750
2003 BUICK LESABRE CUSTOM Sedan 4 Door,BUICK,2003,18,186247,AUTOMATIC,BROWN,700
2010 FORD FOCUS SEL Sedan 4 Door,FORD,2010,11,127800,AUTOMATIC,GREEN,950
2010 CHEVROLET HHR 1LT Wagon 4 Door,CHEVROLET,2010,11,150006,AUTOMATIC,GRAY,975
2012 FORD FOCUS SEL   SEDAN 4 Door,FORD,2012,9,82972,AUTOMATIC,BLUE,600
2002 DODGE DURANGO SLT Wagon 4 Door,DODGE,2002,19,145298,AUTOMATIC,BLACK,1000
2017 FORD FOCUS S D Sedan 4 Dr.,FORD,2017,4,48425,AUTOMATIC,BLACK,975
2013 DODGE  AVENGER BASE SEDAN 4 Door,DODGE,2013,8,133400,AUTOMATIC,BLACK,800
2011 FORD FOCUS SEL Sedan 4 Door,FORD,2011,10,201176,AUTOMATIC,RED,800
2006 CADILLAC DTS Sedan 4 Door,CADILLAC,2006,15,131900,AUTOMATIC,TAN,750
2010 FORD FOCUS SE Sedan 4 Door,FORD,2010,11,166623,AUTOMATIC,SILVER,700
2007 DODGE CARAVAN GRAND Sport Van,DODGE,2007,14,191764,AUTOMATIC,BLUE,850
2001 FORD TAURUS SES Sedan 4 Door,FORD,2001,20,108745,AUTOMATIC,BURGUNDY,975
2010 DODGE AVENGER R/T Sedan 4 Door,DODGE,2010,11,150135,AUTOMATIC,SILVER,825
1979 CHEVROLET C10 D ,CHEVROLET,1979,42,85061,AUTOMATIC,WHITE,900
2001 BMW 325I Sedan 4 Door,BMW,2001,20,177533,AUTOMATIC,WHITE,450
2006 CHEVROLET MALIBU MAXX LT Sedan 4 Door,CHEVROLET,2006,15,204258,AUTOMATIC,CHAMPAGNE,650
2004 ACURA MDX Wagon 4 Door,ACURA,2004,17,164911,AUTOMATIC,GOLD,725
2007 CHEVROLET COBALT LS Coupe,CHEVROLET,2007,14,188245,AUTOMATIC,BLUE,750
2005 AUDI A4 1.8T SEDAN 4 Door,AUDI,2005,16,170252,AUTOMATIC,SILVER,825
1994 BMW 325IC Convertible,BMW,1994,27,110558,AUTOMATIC,GREEN,850
2005 ACURA MDX TOURING Wagon 4 Door,ACURA,2005,16,255724,AUTOMATIC,SILVER,950
2003 CHEVROLET S10 Pickup,CHEVROLET,2003,18,264485,AUTOMATIC,WHITE,725
2007 CHEVROLET TRAILBLAZER LS/LT Wagon 4 Door,CHEVROLET,2007,14,341707,AUTOMATIC,SILVER,600
2006 CHEVROLET IMPALA SUPER SPORT Sedan 4 Door,CHEVROLET,2006,15,109999,AUTOMATIC,BLACK,800
2004 BMW X3 2.5 Wagon 4 Door,BMW,2004,17,224742,AUTOMATIC,BLUE,950
2008 CHEVROLET COBALT Sedan 4 Door,CHEVROLET,2008,13,226012,AUTOMATIC,SILVER,350
2006 CHEVROLET AVEO LS Sedan 5 Door,CHEVROLET,2006,15,94048,AUTOMATIC,BLACK,700
2008 CHEVROLET AVEO LS Sedan 5 Door,CHEVROLET,2008,13,80417,AUTOMATIC,MAROON,800
2002 AUDI A4 1.8T QUATTRO  Sedan 4 Door,AUDI,2002,19,242469,AUTOMATIC,BLUE,525
2003 AUDI A4 1.8T AVNT QUATTRO  Station Wagon,AUDI,2003,18,178851,MANUAL,GRAY,750
2008 CHEVROLET MALIBU LTZ Sedan 4 Door,CHEVROLET,2008,13,200068,AUTOMATIC,BLACK,725
2006 CHEVROLET MALIBU LS Sedan 4 Door,CHEVROLET,2006,15,163567,AUTOMATIC,SILVER,550
2007 CHEVROLET AVEO LS Sedan 5 Door,CHEVROLET,2007,14,151854,MANUAL,SILVER,450
2006 AUDI A4 2.0T QUATTRO  Sedan 4 Door,AUDI,2006,15,200603,AUTOMATIC,SILVER,725
2003 CHEVROLET TRACKER ZR2 Wagon 4 Door,CHEVROLET,2003,18,202218,AUTOMATIC,SILVER,725
2011 CHEVROLET IMPALA POLICE CRUISER SEDAN 4 Door,CHEVROLET,2011,10,131913,AUTOMATIC,BLACK,1000
2003 CHEVROLET K1500 SUBURBAN Wagon 4 Door,CHEVROLET,2003,18,266565,AUTOMATIC,BROWN,950
1998 BMW 528I AUTOMATIC Sedan 4 Door,BMW,1998,23,137316,AUTOMATIC,SILVER,975
2007 CHEVROLET TRAILBLAZER LS/LT Wagon 4 Door,CHEVROLET,2007,14,224228,AUTOMATIC,BLACK,900
2013 CHEVROLET IMPALA LTZ SEDAN 4 Door,CHEVROLET,2013,8,133227,AUTOMATIC,RED,900
2008 CHEVROLET AVEO LS Sedan 4 Door,CHEVROLET,2008,13,182698,AUTOMATIC,WHITE,600
1992 Chevrolet GMT-400 K1500 D Pickup 2 Door,CHEVROLET,1992,29,165443,AUTOMATIC,RED,850
2007 CHEVROLET AVEO LS Sedan 4 Door,CHEVROLET,2007,14,159052,MANUAL,BLACK,550
2008 CHEVROLET IMPALA LT Sedan 4 Door,CHEVROLET,2008,13,205525,AUTOMATIC,WHITE,900
2007 CHEVROLET IMPALA LS Sedan 4 Door,CHEVROLET,2007,14,134335,AUTOMATIC,BLUE,775
1989 Chevrolet GMT-400 K1500 D Pickup 2 Door,CHEVROLET,1989,32,191231,AUTOMATIC,RED,800
2006 CHEVROLET COBALT LS Sedan 4 Door,CHEVROLET,2006,15,182552,AUTOMATIC,SILVER,500
2011 CHEVROLET MALIBU LTZ SEDAN 4 Door,CHEVROLET,2011,10,190955,AUTOMATIC,SILVER,1000
2006 CHEVROLET MALIBU LS Sedan 4 Door,CHEVROLET,2006,15,134631,AUTOMATIC,GREEN,550
2007 CHEVROLET IMPALA LT Sedan 4 Door,CHEVROLET,2007,14,223813,AUTOMATIC,SILVER,875
1995 BMW 740I AUTOMATIC Sedan 4 Door,BMW,1995,26,139006,AUTOMATIC,BLUE,850
2006 BMW 325I Sedan 4 Door,BMW,2006,15,304233,AUTOMATIC,BLACK,850
2008 AUDI A6 3.2 WITH TIPTRONIC SEDAN 4 Door,AUDI,2008,13,182398,AUTOMATIC,DARK BLUE,850
2005 ACURA MDX TOURING Wagon 4 Door,ACURA,2005,16,100403,AUTOMATIC,GRAY,1000
2013 CHEVROLET MALIBU 1LT ECO SEDAN 4 Door,CHEVROLET,2013,8,113687,AUTOMATIC,RED,800
2006 CHEVROLET UPLANDER LS Extended Sport Van,CHEVROLET,2006,15,232665,AUTOMATIC,MAROON,450
2003 BMW 530I AUTOMATIC Sedan 4 Door,BMW,2003,18,0,AUTOMATIC,WHITE,911
2002 CHEVROLET TRAILBLAZE,CHEVROLET,2002,19,276721,AUTOMATIC,BLACK,700
2003 CHEVROLET TRAILBLAZE,CHEVROLET,2003,18,192635,AUTOMATIC,BLUE,625
2004 CHEVROLET TRAILBLAZE,CHEVROLET,2004,17,251287,AUTOMATIC,GRAY,950
2004 CHEVROLET TRAILBLAZE,CHEVROLET,2004,17,131195,AUTOMATIC,SILVER,750
2004 CHEVROLET TRAILBLAZE,CHEVROLET,2004,17,175768,AUTOMATIC,WHITE,725
2006 CHEVROLET TRAILBLAZE,CHEVROLET,2006,15,161627,AUTOMATIC,GRAY,950
2005 CHEVROLET CLASSIC Sedan 4 Door,CHEVROLET,2005,16,163013,AUTOMATIC,SILVER,599
2004 CHEVROLET TAHOE C1500 Wagon 4 Door,CHEVROLET,2004,17,135928,AUTOMATIC,GRAY,675
2001 FORD ESCAPE XLS,FORD,2001,20,174419,MANUAL,BLACK,1000
2007 DODGE CALIBER SX,DODGE,2007,14,0,AUTOMATIC,PURPLE,925
2007 CHRYSLER PT CRUISER TOURING ED Sport Van,CHRYSLER,2007,14,130186,AUTOMATIC,BLUE,650
1984 DATSUN 720 KING C,DATSUN,1984,37,130353,MANUAL,BLUE,850
2002 FORD ESCAPE XLT,FORD,2002,19,232117,AUTOMATIC,SILVER,700
2007 FORD ESCAPE XLT,FORD,2007,14,0,AUTOMATIC,TEAL,750
2003 BUICK LESABRE CUSTOM Sedan 4 Door,BUICK,2003,18,186247,AUTOMATIC,BROWN,950
2010 CHEVROLET HHR 1LT Wagon 4 Door,CHEVROLET,2010,11,150006,AUTOMATIC,GRAY,600
2002 DODGE DURANGO SLT Wagon 4 Door,DODGE,2002,19,145298,AUTOMATIC,BLACK,975
2006 CADILLAC DTS Sedan 4 Door,CADILLAC,2006,15,131900,AUTOMATIC,TAN,700
2007 DODGE CARAVAN GRAND Sport Van,DODGE,2007,14,191764,AUTOMATIC,BLUE,975
2010 DODGE AVENGER R/T Sedan 4 Door,DODGE,2010,11,150135,AUTOMATIC,SILVER,800
2007 DODGE NITRO SLT/RT Wagon 4 Door,DODGE,2007,14,162386,AUTOMATIC,SILVER,400
1997 CHEVROLET CAMARO RS Coupe,CHEVROLET,1997,24,194297,AUTOMATIC,RED,925
2012 CHEVROLET MALIBU 2LT SEDAN 4 Door,CHEVROLET,2012,9,150222,AUTOMATIC,SILVER,600
2004 CHEVROLET CLASSIC Sedan 4 Door,CHEVROLET,2004,17,238739,AUTOMATIC,BURGUNDY,700
2010 CHRYSLER 300 TOURING Sedan 4 Door,CHRYSLER,2010,11,133515,AUTOMATIC,BLACK,700
2000 CADILLAC DEVILLE Sedan 4 Door,CADILLAC,2000,21,165892,AUTOMATIC,GOLD,800
2003 CHRYSLER TOWN & COUNTRY LX Sport Van,CHRYSLER,2003,18,215867,AUTOMATIC,WHITE,350
2003 FORD EXPEDITION EDDIE BAUER   SPORT UTILITY 4 Door,FORD,2003,18,1,AUTOMATIC,BLACK,750
2005 CHEVROLET EQUINOX LT Wagon 4 Door,CHEVROLET,2005,16,272615,AUTOMATIC,GOLD,975
1991 FORD ESCORT LX Station Wagon,FORD,1991,30,81468,AUTOMATIC,SILVER,800
2015 DODGE DART SE SEDAN 4 Door,DODGE,2015,6,75270,AUTOMATIC,LIGHT BLUE,775
2011 CHEVROLET TRAVERSE LT Wagon 4 Door,CHEVROLET,2011,10,191085,AUTOMATIC,BLACK,750
2001 CHEVROLET MONTE CARLO SS Coupe,CHEVROLET,2001,20,158014,AUTOMATIC,WHITE,800
2003 CHEVROLET MONTE CARLO SS Coupe,CHEVROLET,2003,18,206145,AUTOMATIC,BLUE,800
2002 CHEVROLET TRAILBLAZER Wagon 4 Door,CHEVROLET,2002,19,163525,AUTOMATIC,GREEN,475
2011 DODGE AVENGER SXT SEDAN 4 Door,DODGE,2011,10,111417,AUTOMATIC,BLACK,1000
2006 CADILLAC DTS Sedan 4 Door,CADILLAC,2006,15,149376,AUTOMATIC,WHITE,675
2004 CADILLAC DEVILLE Sedan 4 Door,CADILLAC,2004,17,277660,AUTOMATIC,TAN,650
2011 CHEVROLET AVEO LS/LT Sedan 4 Door,CHEVROLET,2011,10,139748,AUTOMATIC,WHITE,575
2005 CHRYSLER PACIFICA TOURING Wagon 4 Door,CHRYSLER,2005,16,162296,AUTOMATIC,LIGHT BLUE,350
2004 CHEVROLET TRAILBLAZER LS/LT Wagon 4 Door,CHEVROLET,2004,17,183556,AUTOMATIC,GRAY,925
1988 FORD BRONCO II Utility,FORD,1988,33,16632,AUTOMATIC,TAN,575
1999 CHRYSLER CIRRUS LXI Sedan 4 Door,CHRYSLER,1999,22,198331,AUTOMATIC,GOLD,400
1998 HONDA CR-V LX Wagon 4 Door,HONDA,1998,23,159460,AUTOMATIC,BLUE,900
1979 CHEVROLET C10 D ,CHEVROLET,1979,42,85061,AUTOMATIC,WHITE,550
2005 DODGE NEON SE,DODGE,2005,16,217649,AUTOMATIC,BLUE,750
2000 CHRYSLER VOYAGER,CHRYSLER,2000,21,195838,AUTOMATIC,BEIGE,999
2002 HONDA CIVIC LX Sedan 4 Door,HONDA,2002,19,279510,AUTOMATIC,WHITE,450
2001 BMW 325I Sedan 4 Door,BMW,2001,20,177533,AUTOMATIC,WHITE,900
1995 FORD MUSTANG GT,FORD,1995,26,162719,AUTOMATIC,GREEN,1000
1999 FORD EXPLORER,FORD,1999,22,139990,AUTOMATIC,RED,700
2006 CHEVROLET MALIBU MAXX LT Sedan 4 Door,CHEVROLET,2006,15,204258,AUTOMATIC,CHAMPAGNE,575
2004 DODGE NEON SXT,DODGE,2004,17,122595,AUTOMATIC,YELLOW,1000
2010 DODGE CALIBER SX,DODGE,2010,11,176531,AUTOMATIC,BLACK,950
2002 HONDA CIVIC EX,HONDA,2002,19,253972,AUTOMATIC,MAROON,725
2004 ACURA MDX Wagon 4 Door,ACURA,2004,17,164911,AUTOMATIC,GOLD,1000
2001 DODGE DAKOTA QUA,DODGE,2001,20,231000,AUTOMATIC,MAROON,900
2006 FORD FUSION SE,FORD,2006,15,193374,AUTOMATIC,SILVER,600
2000 DODGE DURANGO Wagon 4 Door,DODGE,2000,21,296912,AUTOMATIC,WHITE,750
2007 CHEVROLET COBALT LS Coupe,CHEVROLET,2007,14,188245,AUTOMATIC,BLUE,600
2000 FORD FOCUS ZX3,FORD,2000,21,134996,AUTOMATIC,SILVER,825
2005 CHEVROLET CLASSIC Sedan 4 Door,CHEVROLET,2005,16,163013,AUTOMATIC,SILVER,675
2005 FORD FREESTAR LIMITED SPORTS VAN,FORD,2005,16,1,AUTOMATIC,GRAY,599
2005 AUDI A4 1.8T SEDAN 4 Door,AUDI,2005,16,170252,AUTOMATIC,SILVER,700
2003 FORD ESCAPE XLT,FORD,2003,18,282533,AUTOMATIC,BLUE,850
2004 CHEVROLET TAHOE C1500 Wagon 4 Door,CHEVROLET,2004,17,135928,AUTOMATIC,GRAY,700
2010 FORD FOCUS SEL Sedan 4 Door,FORD,2010,11,127800,AUTOMATIC,GREEN,700
1994 BMW 325IC Convertible,BMW,1994,27,110558,AUTOMATIC,GREEN,950
2006 FORD ESCAPE HEV,FORD,2006,15,205650,AUTOMATIC,BLUE,300
2001 FORD ESCAPE XLS,FORD,2001,20,174419,MANUAL,BLACK,675
2012 FORD FOCUS SEL   SEDAN 4 Door,FORD,2012,9,82972,AUTOMATIC,BLUE,975
2005 ACURA MDX TOURING Wagon 4 Door,ACURA,2005,16,255724,AUTOMATIC,SILVER,725
2001 DODGE STRATUS SE Pillard Hardtop 2 Dr,DODGE,2001,20,159460,AUTOMATIC,RED,500
2007 DODGE CALIBER SX,DODGE,2007,14,0,AUTOMATIC,PURPLE,1000
2017 FORD FOCUS S D Sedan 4 Dr.,FORD,2017,4,48425,AUTOMATIC,BLACK,1000
2003 CHEVROLET S10 Pickup,CHEVROLET,2003,18,264485,AUTOMATIC,WHITE,600
2004 DODGE STRATUS SXT Pillard Hardtop 2 Dr,DODGE,2004,17,178421,AUTOMATIC,SILVER,575
2007 CHRYSLER PT CRUISER TOURING ED Sport Van,CHRYSLER,2007,14,130186,AUTOMATIC,BLUE,925
2007 CHEVROLET TRAILBLAZER LS/LT Wagon 4 Door,CHEVROLET,2007,14,341707,AUTOMATIC,SILVER,800
2003 FORD EXPLORER X,FORD,2003,18,0,AUTOMATIC,BLUE,950
1984 DATSUN 720 KING C,DATSUN,1984,37,130353,MANUAL,BLUE,650
2010 FORD FOCUS SE Sedan 4 Door,FORD,2010,11,166623,AUTOMATIC,SILVER,750
2006 CHEVROLET IMPALA SUPER SPORT Sedan 4 Door,CHEVROLET,2006,15,109999,AUTOMATIC,BLACK,950
2006 FORD ESCAPE HEV,FORD,2006,15,142431,AUTOMATIC,WHITE,600
2002 FORD ESCAPE XLT,FORD,2002,19,232117,AUTOMATIC,SILVER,850
2001 FORD TAURUS SES Sedan 4 Door,FORD,2001,20,108745,AUTOMATIC,BURGUNDY,850
2004 BMW X3 2.5 Wagon 4 Door,BMW,2004,17,224742,AUTOMATIC,BLUE,350
2000 CHEVROLET TRACKER,CHEVROLET,2000,21,220485,AUTOMATIC,GRAY,900
1979 CHEVROLET C10 D ,CHEVROLET,1979,42,85061,AUTOMATIC,WHITE,1000
1999 CHEVROLET CAMARO,CHEVROLET,1999,22,255183,AUTOMATIC,TEAL,550
2002 FORD ESCAPE XLT,FORD,2002,19,215092,AUTOMATIC,RED,750
2005 DODGE NEON SE,DODGE,2005,16,217649,AUTOMATIC,BLUE,850
2000 CHRYSLER VOYAGER,CHRYSLER,2000,21,195838,AUTOMATIC,BEIGE,825
2004 HONDA CIVIC EX,HONDA,2004,17,201089,AUTOMATIC,GRAY,600
1998 HONDA CR-V LX Wagon 4 Door,HONDA,1998,23,159460,AUTOMATIC,BLUE,750
2002 FORD ESCAPE XLT,FORD,2002,19,283211,AUTOMATIC,BLUE,925
2008 JEEP COMPASS SP,JEEP,2008,13,140290,AUTOMATIC,ORANGE,450
2009 KIA RIO BASE,KIA,2009,12,122244,AUTOMATIC,BLUE,450
1999 JEEP CHEROKEE S,JEEP,1999,22,219468,AUTOMATIC,GREEN,650
1997 JEEP GRAND CHEROKEE LAREDO/TSI Wagon 4 Door,JEEP,1997,24,135681,AUTOMATIC,GREEN,900
2005 AUDI A4 1.8T QU,AUDI,2005,16,190120,AUTOMATIC,BLUE,1000
2001 BMW 325I Sedan 4 Door,BMW,2001,20,177533,AUTOMATIC,WHITE,950
2001 ACURA 3.2CL TYPE,ACURA,2001,20,173852,AUTOMATIC,BLACK,999
2012 FORD EXPEDITION,FORD,2012,9,0,AUTOMATIC,SILVER,950
1995 FORD MUSTANG GT,FORD,1995,26,162719,AUTOMATIC,GREEN,975
1999 FORD EXPLORER,FORD,1999,22,139990,AUTOMATIC,RED,500
2006 CHRYSLER TOWN & COU,CHRYSLER,2006,15,193954,AUTOMATIC,BLUE,875
2013 FORD FIESTA S,FORD,2013,8,133315,AUTOMATIC,BLACK,850
2003 GMC ENVOY XL,GMC,2003,18,0,AUTOMATIC,WHITE,650
2000 HONDA ACCORD LX,HONDA,2000,21,0,AUTOMATIC,WHITE,975
1998 HONDA CR-V LX,HONDA,1998,23,291401,AUTOMATIC,BLUE,575
2000 MERCURY COUGAR V6,MERCURY,2000,21,146064,AUTOMATIC,RED,1000
2006 CHEVROLET MONTE CARL,CHEVROLET,2006,15,119517,AUTOMATIC,CHARCOAL,850
2006 CHEVROLET MALIBU MAXX LT Sedan 4 Door,CHEVROLET,2006,15,204258,AUTOMATIC,CHAMPAGNE,700
2006 BMW 530 I,BMW,2006,15,128745,AUTOMATIC,GOLD,875
2013 DODGE DART SXT,DODGE,2013,8,151049,AUTOMATIC,RED,725
2004 DODGE NEON SXT,DODGE,2004,17,122595,AUTOMATIC,YELLOW,675
2010 DODGE CALIBER SX,DODGE,2010,11,176531,AUTOMATIC,BLACK,525
2004 HONDA ACCORD EX,HONDA,2004,17,269092,AUTOMATIC,WHITE,725
2000 FORD EXPLORER SPORT Wagon 2 Door,FORD,2000,21,149328,AUTOMATIC,GREEN,950
2005 HONDA CIVIC LX,HONDA,2005,16,253266,AUTOMATIC,GRAY,1000
2000 JEEP CHEROKEE L,JEEP,2000,21,223694,AUTOMATIC,BLACK,900
2006 LINCOLN ZEPHYR,LINCOLN,2006,15,190315,AUTOMATIC,WHITE,950
1999 JEEP CHEROKEE S,JEEP,1999,22,0,AUTOMATIC,TAN,950
2003 SUBARU LEGACY L,SUBARU,2003,18,177892,AUTOMATIC,GREEN,700
2004 BMW X3 2.5I,BMW,2004,17,210926,AUTOMATIC,BLUE,850
2011 CHEVROLET AVEO LS/LT Sedan 4 Door,CHEVROLET,2011,10,99188,AUTOMATIC,SILVER,525
2005 CHEVROLET EQUINOX LT Wagon 4 Door,CHEVROLET,2005,16,221983,AUTOMATIC,MAROON,725
2001 CHEVROLET LUMINA Sedan 4 Door,CHEVROLET,2001,20,147419,AUTOMATIC,GREEN,850
2010 CHEVROLET MALIBU LS Sedan 4 Door,CHEVROLET,2010,11,155547,AUTOMATIC,BLUE,550
2010 CHEVROLET IMPALA LS Sedan 4 Door,CHEVROLET,2010,11,200154,AUTOMATIC,BLUE,1000
2002 FORD TAURUS SES,FORD,2002,19,107500,AUTOMATIC,TAN,525
2005 FORD FOCUS ZX4,FORD,2005,16,218656,AUTOMATIC,BROWN,600
2005 FORD ESCAPE XLT,FORD,2005,16,178100,AUTOMATIC,GRAY,875
2000 FORD TAURUS SEL,FORD,2000,21,163440,AUTOMATIC,RED,950
2009 FORD FUSION SE,FORD,2009,12,207011,AUTOMATIC,BLACK,750
2005 CHRYSLER PT CRUISER,CHRYSLER,2005,16,96229,AUTOMATIC,GRAY,775
2009 FORD ESCAPE LIM,FORD,2009,12,141858,AUTOMATIC,SILVER,950
2001 FORD EXPLORER S,FORD,2001,20,147784,AUTOMATIC,BLUE,800
2010 DODGE AVENGER SX,DODGE,2010,11,261351,AUTOMATIC,WHITE,850
2005 FORD ESCAPE XLT,FORD,2005,16,0,AUTOMATIC,BLUE,700
2009 FORD FOCUS SEL,FORD,2009,12,107086,AUTOMATIC,GRAY,775
2004 FORD EXPEDITION,FORD,2004,17,203985,AUTOMATIC,WHITE,950
2008 DODGE AVENGER SE,DODGE,2008,13,187807,AUTOMATIC,GRAY,900
2007 CHRYSLER TOWN & COU,CHRYSLER,2007,14,229616,AUTOMATIC,SILVER,675
2006 CHRYSLER TOWN & COU,CHRYSLER,2006,15,185831,AUTOMATIC,BLUE,775
2008 DODGE AVENGER SX,DODGE,2008,13,0,AUTOMATIC,WHITE,575
2008 DODGE CHARGER,DODGE,2008,13,252117,AUTOMATIC,BLACK,700
2006 FORD FUSION SEL,FORD,2006,15,0,AUTOMATIC,SILVER,900
2007 CHRYSLER PT CRUISER TOURING ED Sport Van,CHRYSLER,2007,14,130186,AUTOMATIC,BLUE,600
2000 DODGE DURANGO Wagon 4 Door,DODGE,2000,21,296912,AUTOMATIC,WHITE,850
2007 FORD ESCAPE XLT,FORD,2007,14,0,AUTOMATIC,TEAL,600
2003 BUICK LESABRE CUSTOM Sedan 4 Door,BUICK,2003,18,186247,AUTOMATIC,BROWN,750
2005 FORD FREESTAR LIMITED SPORTS VAN,FORD,2005,16,1,AUTOMATIC,GRAY,600
2010 CHEVROLET HHR 1LT Wagon 4 Door,CHEVROLET,2010,11,150006,AUTOMATIC,GRAY,1000
2011 FORD FOCUS SEL Sedan 4 Door,FORD,2011,10,201176,AUTOMATIC,RED,700
2010 DODGE AVENGER R/T Sedan 4 Door,DODGE,2010,11,150135,AUTOMATIC,SILVER,750
2005 FORD EXPLORER XLT/XLT SPT/NBX Wagon 4 Door,FORD,2005,16,211009,AUTOMATIC,RED,925
2003 CHRYSLER TOWN & COUNTRY LX Sport Van,CHRYSLER,2003,18,215867,AUTOMATIC,WHITE,425
1999 CHEVROLET SUBURBAN K2500  SPORT UTILITY 4 Door,CHEVROLET,1999,22,277930,AUTOMATIC,BLACK,825
1995 CHEVROLET K1500 Club Cab Pickup,CHEVROLET,1995,26,348540,AUTOMATIC,BLUE,800
2001 CHEVROLET LUMINA Sedan 4 Door,CHEVROLET,2001,20,178936,AUTOMATIC,GREEN,650
1997 CADILLAC DEVILLE Sedan 4 Door,CADILLAC,1997,24,159460,AUTOMATIC,WHITE,600
2000 CADILLAC DEVILLE Sedan 4 Door,CADILLAC,2000,21,159460,AUTOMATIC,SILVER,675
2004 CADILLAC CTS Sedan 4 Door,CADILLAC,2004,17,158175,AUTOMATIC,WHITE,725
2002 CHEVROLET TRACKER Wagon 4 Door,CHEVROLET,2002,19,132101,MANUAL,DARK BLUE,975
2000 CHEVROLET K1500 SUBURBAN Wagon 4 Door,CHEVROLET,2000,21,235054,AUTOMATIC,BLACK,500
1998 CHEVROLET C1500 BASE Cab  Extended 2 Door,CHEVROLET,1998,23,340861,AUTOMATIC,WHITE,700
1999 CHEVROLET TAHOE K1500 Wagon 4 Door,CHEVROLET,1999,22,213126,AUTOMATIC,WHITE,900
2002 CHEVROLET MALIBU Sedan 4 Door,CHEVROLET,2002,19,204769,AUTOMATIC,SILVER,425
1992 CADILLAC DEVILLE   COUPE 2 Door,CADILLAC,1992,29,132411,AUTOMATIC,RED,425
1995 CADILLAC DEVILLE Sedan 4 Door,CADILLAC,1995,26,169566,AUTOMATIC,GREEN,890
2004 CHEVROLET TRAILBLAZE,CHEVROLET,2004,17,203282,AUTOMATIC,BLACK,925
2004 CHRYSLER PT CRUISER,CHRYSLER,2004,17,0,AUTOMATIC,BLUE,550
1991 CHEVROLET GMT-400 C1,CHEVROLET,1991,30,234103,AUTOMATIC,WHITE,650
2004 CHEVROLET SUBURBAN C,CHEVROLET,2004,17,301566,AUTOMATIC,MAROON,1000
2003 CHEVROLET ASTRO,CHEVROLET,2003,18,191679,AUTOMATIC,GRAY,1000
2000 BMW 323 I,BMW,2000,21,130795,AUTOMATIC,BLACK,975
2005 ACURA RL,ACURA,2005,16,228139,AUTOMATIC,BLUE,800
2006 CHEVROLET COBALT LT,CHEVROLET,2006,15,135895,AUTOMATIC,SILVER,650
2007 CHEVROLET AVEO BASE,CHEVROLET,2007,14,115032,AUTOMATIC,BLUE,850
2006 CHEVROLET COBALT LS,CHEVROLET,2006,15,181416,AUTOMATIC,RED,725
2007 CHEVROLET AVEO BASE,CHEVROLET,2007,14,73802,AUTOMATIC,BLUE,925
2008 CHEVROLET MALIBU 2LT,CHEVROLET,2008,13,129702,AUTOMATIC,BLACK,925
2005 CHEVROLET ASTRO,CHEVROLET,2005,16,134907,AUTOMATIC,WHITE,950
2006 CADILLAC DTS,CADILLAC,2006,15,220809,AUTOMATIC,SILVER,975
2006 CHEVROLET IMPALA POL,CHEVROLET,2006,15,101635,AUTOMATIC,WHITE,850
2002 AUDI A4 1.8T QU,AUDI,2002,19,136033,AUTOMATIC,SILVER,800
2003 CHEVROLET CAVALIER,CHEVROLET,2003,18,146306,AUTOMATIC,RED,475
2002 CHEVROLET IMPALA,CHEVROLET,2002,19,153853,AUTOMATIC,MAROON,450
2002 AUDI A4 1.8T QU,AUDI,2002,19,117022,AUTOMATIC,SILVER,800
2002 BUICK LESABRE LI,BUICK,2002,19,0,AUTOMATIC,SILVER,575
1988 CHEVROLET GMT-400 C1,CHEVROLET,1988,33,218728,AUTOMATIC,RED,1000
2011 CHEVROLET MALIBU 1LT,CHEVROLET,2011,10,0,AUTOMATIC,GOLD,975
2006 JEEP LIBERTY SP,JEEP,2006,15,159478,AUTOMATIC,GREEN,925
2009 KIA RIO BASE,KIA,2009,12,197701,AUTOMATIC,GOLD,900
1995 NISSAN ALTIMA XE,NISSAN,1995,26,209118,AUTOMATIC,BLUE,900
2000 JEEP GRAND CHEROKEE LIMITED Wagon 4 Door,JEEP,2000,21,151776,AUTOMATIC,WHITE,925
1996 OLDSMOBILE LSS,OLDSMOBILE,1996,25,0,AUTOMATIC,BLACK,825
1999 ACURA 3.5 RL Sedan 4 Door,ACURA,1999,22,1,AUTOMATIC,GOLD,650
2003 CHEVROLET IMPALA LS,CHEVROLET,2003,18,0,AUTOMATIC,GOLD,975
1999 CHEVROLET SUBURBAN K2500  SPORT UTILITY 4 Door,CHEVROLET,1999,22,277930,AUTOMATIC,BLACK,750
2006 BUICK LUCERNE CX,BUICK,2006,15,247266,AUTOMATIC,WHITE,525
2006 FORD FUSION SE,FORD,2006,15,171915,AUTOMATIC,GOLD,1000
2007 DODGE GRAND CARA,DODGE,2007,14,142200,AUTOMATIC,GOLD,850
2002 FORD TAURUS SES,FORD,2002,19,107500,AUTOMATIC,TAN,700
2002 FORD EXPEDITION,FORD,2002,19,197010,AUTOMATIC,WHITE,775
2002 GMC YUKON,GMC,2002,19,348787,AUTOMATIC,WHITE,1000
1999 HONDA ACCORD LX,HONDA,1999,22,214893,AUTOMATIC,GRAY,850
2000 FORD EXPLORER SPORT Wagon 2 Door,FORD,2000,21,149328,AUTOMATIC,GREEN,900
2001 HONDA CIVIC EX,HONDA,2001,20,0,AUTOMATIC,WHITE,900
2009 HYUNDAI ACCENT GLS,HYUNDAI,2009,12,121987,AUTOMATIC,SILVER,850
2006 KIA AMANTI,KIA,2006,15,125055,AUTOMATIC,BLUE,875
2005 JEEP GRAND CHER,JEEP,2005,16,210120,AUTOMATIC,SILVER,800
2006 JEEP LIBERTY SP,JEEP,2006,15,182946,AUTOMATIC,BEIGE,800
2007 NISSAN SENTRA 2.0,NISSAN,2007,14,196153,AUTOMATIC,BLACK,800
2005 TOYOTA SCION TC,TOYOTA,2005,16,242050,AUTOMATIC,CHARCOAL,850
2003 SATURN VUE,SATURN,2003,18,188811,AUTOMATIC,ORANGE,875
1998 ACURA RL 3.5RL SEDAN 4 Door,ACURA,1998,23,202595,AUTOMATIC,BLACK,600
1998 BMW 328 I AUTO,BMW,1998,23,106176,AUTOMATIC,WHITE,600
1995 CHEVROLET K1500 Club Cab Pickup,CHEVROLET,1995,26,348540,AUTOMATIC,BLUE,775
2006 CHEVROLET COBALT LS,CHEVROLET,2006,15,0,AUTOMATIC,BLUE,850
2009 FORD FUSION SEL,FORD,2009,12,129555,AUTOMATIC,BLACK,950
2007 DODGE GRAND CARA,DODGE,2007,14,142448,AUTOMATIC,WHITE,1000
2005 FORD FOCUS ZX4,FORD,2005,16,218656,AUTOMATIC,BROWN,700
2002 DODGE NEON,DODGE,2002,19,169574,AUTOMATIC,BLUE,1000
2012 GMC ACADIA SLE,GMC,2012,9,0,AUTOMATIC,BLACK,925
1999 HONDA ACCORD EX,HONDA,1999,22,218963,MANUAL,BLACK,650
2002 HONDA CIVIC EX,HONDA,2002,19,253972,AUTOMATIC,MAROON,925
2006 HONDA ACCORD EX,HONDA,2006,15,301350,MANUAL,GRAY,750
1995 MERCEDES-BENZ S 420,MERCEDES-BENZ,1995,26,144704,AUTOMATIC,BLACK,650
2001 MAZDA MILLENIA,MAZDA,2001,20,178197,AUTOMATIC,BLACK,550
2006 JEEP COMMANDER,JEEP,2006,15,165416,AUTOMATIC,GRAY,550
2002 HYUNDAI SANTA FE G,HYUNDAI,2002,19,169199,AUTOMATIC,SILVER,875
2001 FORD ESCAPE XLS,FORD,2001,20,174419,MANUAL,BLACK,925
2007 DODGE CALIBER SX,DODGE,2007,14,0,AUTOMATIC,PURPLE,600
2003 BUICK LESABRE CUSTOM Sedan 4 Door,BUICK,2003,18,186247,AUTOMATIC,BROWN,600
2005 FORD FREESTAR LIMITED SPORTS VAN,FORD,2005,16,1,AUTOMATIC,GRAY,1000
2010 CHEVROLET HHR 1LT Wagon 4 Door,CHEVROLET,2010,11,150006,AUTOMATIC,GRAY,800
2013 DODGE  AVENGER BASE SEDAN 4 Door,DODGE,2013,8,133400,AUTOMATIC,BLACK,700
2011 FORD FOCUS SEL Sedan 4 Door,FORD,2011,10,201176,AUTOMATIC,RED,975
2007 DODGE CARAVAN GRAND Sport Van,DODGE,2007,14,191764,AUTOMATIC,BLUE,750
2010 DODGE AVENGER R/T Sedan 4 Door,DODGE,2010,11,150135,AUTOMATIC,SILVER,400
2007 DODGE NITRO SLT/RT Wagon 4 Door,DODGE,2007,14,162386,AUTOMATIC,SILVER,925
2005 FORD EXPLORER XLT/XLT SPT/NBX Wagon 4 Door,FORD,2005,16,211009,AUTOMATIC,RED,700
2010 CHRYSLER 300 TOURING Sedan 4 Door,CHRYSLER,2010,11,133515,AUTOMATIC,BLACK,425
2006 BUICK LUCERNE CX,BUICK,2006,15,247266,AUTOMATIC,WHITE,650
2003 CHEVROLET IMPALA LS,CHEVROLET,2003,18,0,AUTOMATIC,GOLD,825
1999 CHEVROLET SUBURBAN K2500  SPORT UTILITY 4 Door,CHEVROLET,1999,22,277930,AUTOMATIC,BLACK,800
2006 CHEVROLET COBALT LS,CHEVROLET,2006,15,0,AUTOMATIC,BLUE,600
2005 FORD FOCUS ZX4,FORD,2005,16,218656,AUTOMATIC,BROWN,800
1998 BMW 328 I AUTO,BMW,1998,23,106176,AUTOMATIC,WHITE,550
1995 CHEVROLET K1500 Club Cab Pickup,CHEVROLET,1995,26,348540,AUTOMATIC,BLUE,875
2004 CADILLAC CTS Sedan 4 Door,CADILLAC,2004,17,1,AUTOMATIC,BEIGE,650
2005 FORD ESCAPE XLT,FORD,2005,16,178100,AUTOMATIC,GRAY,700
1998 BMW 740 IL,BMW,1998,23,0,AUTOMATIC,WHITE,950
2001 CHEVROLET LUMINA Sedan 4 Door,CHEVROLET,2001,20,178936,AUTOMATIC,GREEN,600
2004 CHRYSLER SEBRING LI,CHRYSLER,2004,17,114848,AUTOMATIC,CHARCOAL,800
2000 FORD TAURUS SEL,FORD,2000,21,163440,AUTOMATIC,RED,750
2005 CHRYSLER TOWN & COU,CHRYSLER,2005,16,106161,AUTOMATIC,BLUE,675
1997 CADILLAC DEVILLE Sedan 4 Door,CADILLAC,1997,24,159460,AUTOMATIC,WHITE,750
2003 CHEVROLET MONTE CARL,CHEVROLET,2003,18,182597,AUTOMATIC,BLUE,775
2009 FORD FUSION SE,FORD,2009,12,207011,AUTOMATIC,BLACK,850
2006 CHEVROLET MALIBU LS,CHEVROLET,2006,15,171537,AUTOMATIC,SILVER,500
2000 CADILLAC DEVILLE Sedan 4 Door,CADILLAC,2000,21,159460,AUTOMATIC,SILVER,900
2002 ACURA 3.5RL,ACURA,2002,19,142762,AUTOMATIC,GOLD,950
2005 CHRYSLER PT CRUISER,CHRYSLER,2005,16,96229,AUTOMATIC,GRAY,1000
2006 CADILLAC DTS,CADILLAC,2006,15,154317,AUTOMATIC,SILVER,725
2006 CHEVROLET COBALT LS Sedan 4 Door,CHEVROLET,2006,15,182552,AUTOMATIC,SILVER,800
2002 BMW 530 I AUTO,BMW,2002,19,168329,AUTOMATIC,BLACK,850
2009 FORD ESCAPE LIM,FORD,2009,12,141858,AUTOMATIC,SILVER,725
2006 BUICK LUCERNE CX,BUICK,2006,15,173597,AUTOMATIC,BEIGE,800
2011 CHEVROLET MALIBU LTZ SEDAN 4 Door,CHEVROLET,2011,10,190955,AUTOMATIC,SILVER,850
2005 CHEVROLET MALIBU LS,CHEVROLET,2005,16,140684,AUTOMATIC,GRAY,975
2001 FORD EXPLORER S,FORD,2001,20,147784,AUTOMATIC,BLUE,775
2000 CADILLAC ESCALADE,CADILLAC,2000,21,173227,AUTOMATIC,TAN,700
2004 CADILLAC CTS Sedan 4 Door,CADILLAC,2004,17,158175,AUTOMATIC,WHITE,550
2000 AUDI A6 2.7T QU,AUDI,2000,21,134091,AUTOMATIC,BLACK,550
2010 DODGE AVENGER SX,DODGE,2010,11,261351,AUTOMATIC,WHITE,775
1985 CHEVROLET G20,CHEVROLET,1985,36,193729,AUTOMATIC,TWO TONE,875
2002 CHEVROLET TRACKER Wagon 4 Door,CHEVROLET,2002,19,132101,MANUAL,DARK BLUE,700
1999 CHEVROLET TAHOE K150,CHEVROLET,1999,22,280768,AUTOMATIC,BLACK,950
2005 FORD ESCAPE XLT,FORD,2005,16,0,AUTOMATIC,BLUE,500
1995 CHEVROLET CAMARO Z28,CHEVROLET,1995,26,0,AUTOMATIC,BLACK,925
2006 CHEVROLET MALIBU LS Sedan 4 Door,CHEVROLET,2006,15,134631,AUTOMATIC,GREEN,900
2002 HONDA CIVIC LX Sedan 4 Door,HONDA,2002,19,279510,AUTOMATIC,WHITE,500
2006 CHEVROLET COBALT LS Sedan 4 Door,CHEVROLET,2006,15,182552,AUTOMATIC,SILVER,700
2005 FORD ESCAPE XLT,FORD,2005,16,0,AUTOMATIC,BLUE,525
1998 LEXUS ES 300,LEXUS,1998,23,0,AUTOMATIC,SILVER,1000
2011 CHEVROLET MALIBU LTZ SEDAN 4 Door,CHEVROLET,2011,10,190955,AUTOMATIC,SILVER,775
2009 FORD FOCUS SEL,FORD,2009,12,107086,AUTOMATIC,GRAY,675
2004 MAZDA 6 I,MAZDA,2004,17,161203,AUTOMATIC,SILVER,725
2004 CADILLAC CTS Sedan 4 Door,CADILLAC,2004,17,158175,AUTOMATIC,WHITE,950
2004 FORD EXPEDITION,FORD,2004,17,203985,AUTOMATIC,WHITE,725
2002 LINCOLN LS,LINCOLN,2002,19,111963,AUTOMATIC,GRAY,975
2002 CHEVROLET TRACKER Wagon 4 Door,CHEVROLET,2002,19,132101,MANUAL,DARK BLUE,900
1998 INFINITI QX4,INFINITI,1998,23,234213,AUTOMATIC,TAN,550
2006 CHEVROLET MALIBU LS Sedan 4 Door,CHEVROLET,2006,15,134631,AUTOMATIC,GREEN,675
2007 CHRYSLER TOWN & COU,CHRYSLER,2007,14,229616,AUTOMATIC,SILVER,825
2006 JEEP COMMANDER,JEEP,2006,15,0,AUTOMATIC,BLACK,875
2007 CHEVROLET IMPALA LT Sedan 4 Door,CHEVROLET,2007,14,223813,AUTOMATIC,SILVER,775
2006 CHRYSLER TOWN & COU,CHRYSLER,2006,15,185831,AUTOMATIC,BLUE,675
2005 HYUNDAI SANTA FE GLS/LX Wagon 4 Door,HYUNDAI,2005,16,163114,AUTOMATIC,GRAY,500
2000 CHEVROLET K1500 SUBURBAN Wagon 4 Door,CHEVROLET,2000,21,235054,AUTOMATIC,BLACK,575
2008 DODGE AVENGER SX,DODGE,2008,13,0,AUTOMATIC,WHITE,900
2012 HYUNDAI VELOSTER BASE COUPE 2 Door,HYUNDAI,2012,9,191169,MANUAL,BLUE,700
2008 DODGE CHARGER,DODGE,2008,13,252117,AUTOMATIC,BLACK,1000
2013 HYUNDAI ELANTRA GLS A/T SEDAN 4 Door,HYUNDAI,2013,8,84591,AUTOMATIC,BLACK,850
1995 BMW 740I AUTOMATIC Sedan 4 Door,BMW,1995,26,139006,AUTOMATIC,BLUE,900
2006 FORD FUSION SEL,FORD,2006,15,0,AUTOMATIC,SILVER,825
2002 HONDA CIVIC EX Coupe,HONDA,2002,19,203514,AUTOMATIC,RED,850
2008 AUDI A6 3.2 WITH TIPTRONIC SEDAN 4 Door,AUDI,2008,13,182398,AUTOMATIC,DARK BLUE,357
2000 BUICK CENTURY CUSTOM Sedan 4 Door,BUICK,2000,21,1,AUTOMATIC,CHAMPAGNE,775
2006 HYUNDAI TIBURON GT/SE Coupe,HYUNDAI,2006,15,132837,AUTOMATIC,WHITE,900
1999 CHEVROLET TAHOE K1500 Wagon 4 Door,CHEVROLET,1999,22,213126,AUTOMATIC,WHITE,975
1993 FORD MUSTANG LX,FORD,1993,28,99086,AUTOMATIC,WHITE,575
2002 HONDA CIVIC LX Coupe,HONDA,2002,19,202510,AUTOMATIC,SILVER,800
2013 CHEVROLET MALIBU 1LT ECO SEDAN 4 Door,CHEVROLET,2013,8,113687,AUTOMATIC,RED,1000
2000 HONDA ODYSSEY EX Sport Van,HONDA,2000,21,232612,AUTOMATIC,GOLD,425
2002 CHEVROLET MALIBU Sedan 4 Door,CHEVROLET,2002,19,204769,AUTOMATIC,SILVER,900
2002 DODGE DAKOTA BAS,DODGE,2002,19,157868,AUTOMATIC,BLUE,625
2002 HYUNDAI ELANTRA GLS/GT Hatchback 4 Door,HYUNDAI,2002,19,147746,AUTOMATIC,BLUE,425
1992 CADILLAC DEVILLE   COUPE 2 Door,CADILLAC,1992,29,132411,AUTOMATIC,RED,750
2000 CHRYSLER VOYAGER,CHRYSLER,2000,21,195838,AUTOMATIC,BEIGE,675
1995 JEEP CHEROKEE SPORT Wagon 4 Door,JEEP,1995,26,345675,AUTOMATIC,BLUE,450
2006 CHEVROLET UPLANDER LS Extended Sport Van,CHEVROLET,2006,15,232665,AUTOMATIC,MAROON,725
2007 CHRYSLER 300,CHRYSLER,2007,14,160970,AUTOMATIC,WHITE,675
2001 JEEP GRAND CHEROKEE LAREDO Wagon 4 Door,JEEP,2001,20,194147,AUTOMATIC,SILVER,890
1995 CADILLAC DEVILLE Sedan 4 Door,CADILLAC,1995,26,169566,AUTOMATIC,GREEN,850
2003 CHRYSLER TOWN & COUNTRY LX Sport Van,CHRYSLER,2003,18,215867,AUTOMATIC,WHITE,800
2003 FORD EXPEDITION EDDIE BAUER   SPORT UTILITY 4 Door,FORD,2003,18,1,AUTOMATIC,BLACK,550
1990 BUICK ELECTRA PARK AVENUE Sedan 4 Door,BUICK,1990,31,204108,AUTOMATIC,GRAY,750
2005 CHEVROLET EQUINOX LT Wagon 4 Door,CHEVROLET,2005,16,272615,AUTOMATIC,GOLD,550
2004 FORD ESCAPE XLT Wagon 4 Door,FORD,2004,17,224210,AUTOMATIC,WHITE,675
2015 DODGE DART SE SEDAN 4 Door,DODGE,2015,6,75270,AUTOMATIC,LIGHT BLUE,650
2005 FORD FIVE HUNDRED SE Sedan 4 Door,FORD,2005,16,167499,AUTOMATIC,BLUE,350
2005 CHRYSLER PACIFICA TOURING Wagon 4 Door,CHRYSLER,2005,16,162296,AUTOMATIC,LIGHT BLUE,575
2002 HONDA CIVIC LX Sedan 4 Door,HONDA,2002,19,279510,AUTOMATIC,WHITE,525
1998 LEXUS ES 300,LEXUS,1998,23,0,AUTOMATIC,SILVER,675
2002 LINCOLN LS,LINCOLN,2002,19,111963,AUTOMATIC,GRAY,900
1998 INFINITI QX4,INFINITI,1998,23,234213,AUTOMATIC,TAN,825
2006 JEEP COMMANDER,JEEP,2006,15,0,AUTOMATIC,BLACK,675
2005 HYUNDAI SANTA FE GLS/LX Wagon 4 Door,HYUNDAI,2005,16,163114,AUTOMATIC,GRAY,900
2012 HYUNDAI VELOSTER BASE COUPE 2 Door,HYUNDAI,2012,9,191169,MANUAL,BLUE,1000
2013 HYUNDAI ELANTRA GLS A/T SEDAN 4 Door,HYUNDAI,2013,8,84591,AUTOMATIC,BLACK,825
2002 HONDA CIVIC EX Coupe,HONDA,2002,19,203514,AUTOMATIC,RED,775
2006 HYUNDAI TIBURON GT/SE Coupe,HYUNDAI,2006,15,132837,AUTOMATIC,WHITE,575
2002 HONDA CIVIC LX Coupe,HONDA,2002,19,202510,AUTOMATIC,SILVER,1000
2000 HONDA ODYSSEY EX Sport Van,HONDA,2000,21,232612,AUTOMATIC,GOLD,625
2002 HYUNDAI ELANTRA GLS/GT Hatchback 4 Door,HYUNDAI,2002,19,147746,AUTOMATIC,BLUE,675
1995 JEEP CHEROKEE SPORT Wagon 4 Door,JEEP,1995,26,345675,AUTOMATIC,BLUE,675
2001 JEEP GRAND CHEROKEE LAREDO Wagon 4 Door,JEEP,2001,20,194147,AUTOMATIC,SILVER,675
2002 HYUNDAI SONATA GLS/LX Sedan 4 Door,HYUNDAI,2002,19,169508,AUTOMATIC,GRAY,975
2005 KIA SEDONA EX/LX Sport Van,KIA,2005,16,216375,AUTOMATIC,GREEN,725
2001 HONDA CIVIC LX Coupe,HONDA,2001,20,190866,AUTOMATIC,GREEN,525
2002 HONDA CIVIC LX Sedan 4 Door,HONDA,2002,19,1,AUTOMATIC,SILVER,700
2004 HYUNDAI SONATA GLS/LX Sedan 4 Door,HYUNDAI,2004,17,255330,AUTOMATIC,WHITE,850
2003 HONDA ACCORD LX Sedan 4 Door,HONDA,2003,18,209598,AUTOMATIC,WHITE,525
2001 JEEP GRAND CHEROKEE LAREDO Wagon 4 Door,JEEP,2001,20,233998,AUTOMATIC,WHITE,800
2001 JEEP GRAND CHEROKEE LAREDO Wagon 4 Door,JEEP,2001,20,261597,AUTOMATIC,GRAY,1000
2004 JEEP LIBERTY SPORT Wagon 4 Door,JEEP,2004,17,150099,AUTOMATIC,BLUE,725
2007 HONDA CIVIC LX Coupe,HONDA,2007,14,235021,AUTOMATIC,SILVER,450
1998 JEEP GRAND CHEROKEE LAREDO SE Wagon 4 Door,JEEP,1998,23,194079,AUTOMATIC,PURPLE,925
2004 KIA SEDONA EX/LX Sport Van,KIA,2004,17,225581,AUTOMATIC,WHITE,600
2003 HYUNDAI ELANTRA GLS/GT Sedan 4 Door,HYUNDAI,2003,18,219527,AUTOMATIC,BLUE,650
2007 MITSUBISHI ECLIPSE Hatchback 2 Door,MITSUBISHI,2007,14,201559,AUTOMATIC,BLACK,750
2002 HONDA ACCORD SE Sedan 4 Door,HONDA,2002,19,213084,AUTOMATIC,BLACK,875
2003 HONDA ACCORD LX Sedan 4 Door,HONDA,2003,18,217166,AUTOMATIC,BLACK,650
2000 HONDA ODYSSEY LX Sport Van,HONDA,2000,21,290389,AUTOMATIC,BEIGE,575
2000 HONDA CIVIC SE Sedan 4 Door,HONDA,2000,21,142526,AUTOMATIC,SILVER,1000
2006 HONDA ACCORD SE Sedan 4 Door,HONDA,2006,15,200173,AUTOMATIC,BLUE,575
2002 HONDA CIVIC EX Coupe,HONDA,2002,19,158145,AUTOMATIC,WHITE,800
2003 HONDA ACCORD EX Coupe,HONDA,2003,18,210890,AUTOMATIC,BLUE,675
2000 HONDA CR-V LX Wagon 4 Door,HONDA,2000,21,186962,AUTOMATIC,SILVER,900
2003 HONDA CIVIC LX Sedan 4 Door,HONDA,2003,18,172035,AUTOMATIC,SILVER,675
2007 KIA RONDO LX/EX Station Wagon,KIA,2007,14,183159,AUTOMATIC,SILVER,800
2004 JEEP LIBERTY LIMITED Wagon 4 Door,JEEP,2004,17,179492,AUTOMATIC,BURGUNDY,950
2009 KIA BORREGO EX   SPORT UTILITY 4 Door,KIA,2009,12,171518,AUTOMATIC,SILVER,800
2003 HONDA ACCORD EX Sedan 4 Door,HONDA,2003,18,260897,AUTOMATIC,SILVER,475
2001 HYUNDAI ACCENT L HATCHBACK 2 Door,HYUNDAI,2001,20,71513,MANUAL,GRAY,950
2009 KIA SPECTRA EX/LX/SX Sedan 4 Door,KIA,2009,12,110961,AUTOMATIC,MAROON,900
2004 JEEP GRAND CHEROKEE LAR/COL/FR Wagon 4 Door,JEEP,2004,17,171532,AUTOMATIC,RED,475
1999 HONDA CIVIC LX Sedan 4 Door,HONDA,1999,22,204819,AUTOMATIC,GREEN,450
1998 HONDA ACCORD EX Sedan 4 Door,HONDA,1998,23,263009,AUTOMATIC,GREEN,450
2000 HYUNDAI TIBURON COUPE 2 Door,HYUNDAI,2000,21,117942,AUTOMATIC,RED,950
2008 CHEVROLET MALIBU 2LT,CHEVROLET,2008,13,251146,AUTOMATIC,GOLD,875
2001 CADILLAC SEVILLE SL,CADILLAC,2001,20,0,AUTOMATIC,WHITE,550
2008 BMW 328 I,BMW,2008,13,108884,AUTOMATIC,BLACK,925
2002 ACURA RSX,ACURA,2002,19,261479,AUTOMATIC,SILVER,775
2011 DODGE CALIBER MA,DODGE,2011,10,182413,AUTOMATIC,WHITE,650
2002 HONDA ODYSSEY EX,HONDA,2002,19,336202,AUTOMATIC,TEAL,300
2017 HONDA ACCORD SEDAN SPORT D Sedan 4 Dr.,HONDA,2017,4,159460,AUTOMATIC,BLACK,725
2004 KIA SORENTO EX,KIA,2004,17,208135,AUTOMATIC,BLUE,925
2002 MITSUBISHI LANCER OZ,MITSUBISHI,2002,19,0,AUTOMATIC,BLUE,675
2001 JEEP GRAND CHER,JEEP,2001,20,214811,AUTOMATIC,BLUE,900
1999 ACURA 3.5 RL Sedan 4 Door,ACURA,1999,22,1,AUTOMATIC,GOLD,550
2003 CHEVROLET IMPALA LS,CHEVROLET,2003,18,0,AUTOMATIC,GOLD,700
2000 CADILLAC DEVILLE Sedan 4 Door,CADILLAC,2000,21,159460,AUTOMATIC,SILVER,650
2002 BMW 530 I AUTO,BMW,2002,19,168329,AUTOMATIC,BLACK,950
2004 FORD EXPLORER X,FORD,2004,17,252883,AUTOMATIC,SILVER,900
2006 CHRYSLER PT CRUISER,CHRYSLER,2006,15,101938,AUTOMATIC,CREAM,525
2005 FORD ESCAPE XLT,FORD,2005,16,0,AUTOMATIC,BLUE,900
2006 CHRYSLER TOWN & COU,CHRYSLER,2006,15,207863,AUTOMATIC,BLUE,900
2002 HONDA ODYSSEY,HONDA,2002,19,196770,AUTOMATIC,GOLD,800
2002 DODGE DURANGO SLT Wagon 4 Door,DODGE,2002,19,145298,AUTOMATIC,BLACK,500
2008 KIA RIO BASE,KIA,2008,13,186522,AUTOMATIC,SILVER,725
1998 LEXUS ES 300,LEXUS,1998,23,0,AUTOMATIC,SILVER,975
2005 JEEP GRAND CHER,JEEP,2005,16,115900,AUTOMATIC,WHITE,775
2002 TOYOTA AVALON XL,TOYOTA,2002,19,213336,AUTOMATIC,BLACK,950
1998 ACURA RL 3.5RL SEDAN 4 Door,ACURA,1998,23,202595,AUTOMATIC,BLACK,700
1998 BMW 328 I AUTO,BMW,1998,23,106176,AUTOMATIC,WHITE,800
2006 CHEVROLET COBALT LS Sedan 4 Door,CHEVROLET,2006,15,182552,AUTOMATIC,SILVER,675
2005 CHEVROLET MALIBU LS,CHEVROLET,2005,16,140684,AUTOMATIC,GRAY,950
2007 DODGE GRAND CARA,DODGE,2007,14,0,AUTOMATIC,BLUE,1000
2004 FORD EXPLORER X,FORD,2004,17,139797,AUTOMATIC,GREEN,800
2009 FORD FOCUS SEL,FORD,2009,12,107086,AUTOMATIC,GRAY,1000
2007 DODGE GRAND CARA,DODGE,2007,14,122893,AUTOMATIC,BLUE,950
2004 HONDA ACCORD EX,HONDA,2004,17,0,AUTOMATIC,SILVER,925
2010 FORD FOCUS SEL Sedan 4 Door,FORD,2010,11,127800,AUTOMATIC,GREEN,575
2006 HONDA ACCORD EX Sedan 4 Door,HONDA,2006,15,150522,AUTOMATIC,BLACK,700
2004 MAZDA 6 I,MAZDA,2004,17,161203,AUTOMATIC,SILVER,850
2001 SUZUKI GRAND VITA,SUZUKI,2001,20,247989,AUTOMATIC,MAROON,725
2005 CHEVROLET CLASSIC Sedan 4 Door,CHEVROLET,2005,16,163013,AUTOMATIC,SILVER,550
2006 CHEVROLET MALIBU LS Sedan 4 Door,CHEVROLET,2006,15,134631,AUTOMATIC,GREEN,875
2004 CHEVROLET TAHOE C1500 Wagon 4 Door,CHEVROLET,2004,17,135928,AUTOMATIC,GRAY,500
2007 CHEVROLET IMPALA LT Sedan 4 Door,CHEVROLET,2007,14,223813,AUTOMATIC,SILVER,675
2001 FORD ESCAPE XLS,FORD,2001,20,174419,MANUAL,BLACK,700
2000 CHEVROLET K1500 SUBURBAN Wagon 4 Door,CHEVROLET,2000,21,235054,AUTOMATIC,BLACK,1000
2007 DODGE CALIBER SX,DODGE,2007,14,0,AUTOMATIC,PURPLE,850
1998 CHEVROLET C1500 BASE Cab  Extended 2 Door,CHEVROLET,1998,23,340861,AUTOMATIC,WHITE,925
2007 CHRYSLER PT CRUISER TOURING ED Sport Van,CHRYSLER,2007,14,130186,AUTOMATIC,BLUE,850
1995 BMW 740I AUTOMATIC Sedan 4 Door,BMW,1995,26,139006,AUTOMATIC,BLUE,600
1984 DATSUN 720 KING C,DATSUN,1984,37,130353,MANUAL,BLUE,900
2008 AUDI A6 3.2 WITH TIPTRONIC SEDAN 4 Door,AUDI,2008,13,182398,AUTOMATIC,DARK BLUE,650
2000 DODGE DURANGO Wagon 4 Door,DODGE,2000,21,296912,AUTOMATIC,WHITE,800
1999 CHEVROLET TAHOE K1500 Wagon 4 Door,CHEVROLET,1999,22,213126,AUTOMATIC,WHITE,850
2002 FORD ESCAPE XLT,FORD,2002,19,232117,AUTOMATIC,SILVER,425
2013 CHEVROLET MALIBU 1LT ECO SEDAN 4 Door,CHEVROLET,2013,8,113687,AUTOMATIC,RED,700
2007 FORD ESCAPE XLT,FORD,2007,14,0,AUTOMATIC,TEAL,425
2002 CHEVROLET MALIBU Sedan 4 Door,CHEVROLET,2002,19,204769,AUTOMATIC,SILVER,600
2003 BUICK LESABRE CUSTOM Sedan 4 Door,BUICK,2003,18,186247,AUTOMATIC,BROWN,450
2005 FORD FREESTAR LIMITED SPORTS VAN,FORD,2005,16,1,AUTOMATIC,GRAY,890
2006 CHEVROLET UPLANDER LS Extended Sport Van,CHEVROLET,2006,15,232665,AUTOMATIC,MAROON,600
2010 CHEVROLET HHR 1LT Wagon 4 Door,CHEVROLET,2010,11,150006,AUTOMATIC,GRAY,911
2001 CHEVROLET TAHOE K150,CHEVROLET,2001,20,221621,AUTOMATIC,GRAY,925
2004 CHEVROLET IMPALA,CHEVROLET,2004,17,229943,AUTOMATIC,WHITE,525
2003 CADILLAC CTS,CADILLAC,2003,18,0,AUTOMATIC,WHITE,600
2010 CHEVROLET TRAVERSE L,CHEVROLET,2010,11,0,AUTOMATIC,SILVER,800
2005 CHEVROLET IMPALA,CHEVROLET,2005,16,166271,AUTOMATIC,GRAY,650
2005 CHEVROLET MALIBU LS,CHEVROLET,2005,16,230970,AUTOMATIC,BLUE,625
2006 CHEVROLET IMPALA LS,CHEVROLET,2006,15,211716,AUTOMATIC,BLUE,650
2001 CHEVROLET TRACKER,CHEVROLET,2001,20,150581,AUTOMATIC,RED,800
2000 CADILLAC DEVILLE,CADILLAC,2000,21,144510,AUTOMATIC,BROWN,775
2004 CHEVROLET CAVALIER L,CHEVROLET,2004,17,148430,AUTOMATIC,BLUE,600
2006 CHEVROLET EQUINOX LT,CHEVROLET,2006,15,159909,AUTOMATIC,SILVER,975
2004 CHEVROLET IMPALA LS,CHEVROLET,2004,17,153831,AUTOMATIC,WHITE,900
2005 CHEVROLET CLASSIC Sedan 4 Door,CHEVROLET,2005,16,163013,AUTOMATIC,SILVER,525
2004 CHEVROLET TAHOE C1500 Wagon 4 Door,CHEVROLET,2004,17,135928,AUTOMATIC,GRAY,725
2003 CHEVROLET CAVALIER L,CHEVROLET,2003,18,0,AUTOMATIC,RED,875
2005 CHEVROLET EQUINOX LT,CHEVROLET,2005,16,0,AUTOMATIC,GRAY,600
2008 CHEVROLET COBALT LT,CHEVROLET,2008,13,96837,AUTOMATIC,BLUE,900
2002 CHEVROLET AVALANCHE,CHEVROLET,2002,19,198453,AUTOMATIC,WHITE,975
2006 CHEVROLET HHR LT,CHEVROLET,2006,15,152692,AUTOMATIC,PURPLE,750
2009 CADILLAC DTS,CADILLAC,2009,12,173403,AUTOMATIC,MAROON,975
2008 CHEVROLET EQUINOX LT  Wagon 4 Door,CHEVROLET,2008,13,151584,AUTOMATIC,BLUE,950
2006 CADILLAC DTS Sedan 4 Door,CADILLAC,2006,15,131900,AUTOMATIC,TAN,450
2013 CHEVROLET CRUZE 2LT SEDAN 4 Door,CHEVROLET,2013,8,108302,AUTOMATIC,BLUE,800
2007 CHEVROLET COBALT LS Sedan 4 Door,CHEVROLET,2007,14,240973,AUTOMATIC,BLACK,400
2004 CHEVROLET CLASSIC Sedan 4 Door,CHEVROLET,2004,17,238739,AUTOMATIC,BURGUNDY,750
1982 Chevrolet S Truck S10 D Pickup 2 Door,CHEVROLET,1982,39,179818,AUTOMATIC,BLACK,700
2006 CHEVROLET MONTE CARLO LT Coupe,CHEVROLET,2006,15,141530,AUTOMATIC,SILVER,975
2006 CHEVROLET EQUINOX LT Wagon 4 Door,CHEVROLET,2006,15,182165,AUTOMATIC,SILVER,800
2011 CHEVROLET TRAVERSE LT Wagon 4 Door,CHEVROLET,2011,10,191085,AUTOMATIC,BLACK,775
2001 CHEVROLET MONTE CARLO SS Coupe,CHEVROLET,2001,20,158014,AUTOMATIC,WHITE,750
2003 CHEVROLET MONTE CARLO SS Coupe,CHEVROLET,2003,18,206145,AUTOMATIC,BLUE,750
2002 CHEVROLET TRAILBLAZER Wagon 4 Door,CHEVROLET,2002,19,163525,AUTOMATIC,GREEN,800
2006 CHEVROLET EQUINOX LT Wagon 4 Door,CHEVROLET,2006,15,1,AUTOMATIC,BLACK,475
2006 CADILLAC DTS Sedan 4 Door,CADILLAC,2006,15,149376,AUTOMATIC,WHITE,1000
2011 CHEVROLET AVEO LS/LT Sedan 4 Door,CHEVROLET,2011,10,139748,AUTOMATIC,WHITE,925
2004 CHEVROLET TRAILBLAZER LS/LT Wagon 4 Door,CHEVROLET,2004,17,183556,AUTOMATIC,GRAY,575
2011 CHEVROLET AVEO LS/LT Sedan 4 Door,CHEVROLET,2011,10,99188,AUTOMATIC,SILVER,400
2005 CHEVROLET EQUINOX LT Wagon 4 Door,CHEVROLET,2005,16,221983,AUTOMATIC,MAROON,850
2001 CHEVROLET LUMINA Sedan 4 Door,CHEVROLET,2001,20,147419,AUTOMATIC,GREEN,550
2007 CHEVROLET IMPALA LT Sedan 4 Door,CHEVROLET,2007,14,251025,AUTOMATIC,BURGUNDY,675
2005 CHEVROLET IMPALA Sedan 4 Door,CHEVROLET,2005,16,197582,AUTOMATIC,SILVER,800
2009 CHEVROLET TRAVERSE L,CHEVROLET,2009,12,267943,AUTOMATIC,BLUE,975
2010 CHEVROLET HHR 1LT Wagon 4 Door,CHEVROLET,2010,11,150006,AUTOMATIC,GRAY,750
2002 DODGE DURANGO SLT Wagon 4 Door,DODGE,2002,19,145298,AUTOMATIC,BLACK,950
2013 DODGE  AVENGER BASE SEDAN 4 Door,DODGE,2013,8,133400,AUTOMATIC,BLACK,600
2007 DODGE CARAVAN GRAND Sport Van,DODGE,2007,14,191764,AUTOMATIC,BLUE,800
2010 DODGE AVENGER R/T Sedan 4 Door,DODGE,2010,11,150135,AUTOMATIC,SILVER,700
2007 DODGE NITRO SLT/RT Wagon 4 Door,DODGE,2007,14,162386,AUTOMATIC,SILVER,975
2010 CHRYSLER 300 TOURING Sedan 4 Door,CHRYSLER,2010,11,133515,AUTOMATIC,BLACK,925
2003 CHRYSLER TOWN & COUNTRY LX Sport Van,CHRYSLER,2003,18,215867,AUTOMATIC,WHITE,700
1990 BUICK ELECTRA PARK AVENUE Sedan 4 Door,BUICK,1990,31,204108,AUTOMATIC,GRAY,425
1991 FORD ESCORT LX Station Wagon,FORD,1991,30,81468,AUTOMATIC,SILVER,350
2015 DODGE DART SE SEDAN 4 Door,DODGE,2015,6,75270,AUTOMATIC,LIGHT BLUE,750
2000 FORD MUSTANG DELUXE/PREMIUM Coupe,FORD,2000,21,86686,AUTOMATIC,SILVER,950
2011 DODGE AVENGER SXT SEDAN 4 Door,DODGE,2011,10,111417,AUTOMATIC,BLACK,800
2004 CHEVROLET TAHOE C1500 Wagon 4 Door,CHEVROLET,2004,17,135928,AUTOMATIC,GRAY,525
1988 FORD BRONCO II Utility,FORD,1988,33,16632,AUTOMATIC,TAN,350
2003 CHEVROLET CAVALIER L,CHEVROLET,2003,18,0,AUTOMATIC,RED,725
1999 CHRYSLER CIRRUS LXI Sedan 4 Door,CHRYSLER,1999,22,198331,AUTOMATIC,GOLD,525
2005 CHEVROLET EQUINOX LT,CHEVROLET,2005,16,0,AUTOMATIC,GRAY,875
2010 CHEVROLET MALIBU LS Sedan 4 Door,CHEVROLET,2010,11,155547,AUTOMATIC,BLUE,725
2008 CHEVROLET COBALT LT,CHEVROLET,2008,13,96837,AUTOMATIC,BLUE,600
2002 CHEVROLET AVALANCHE,CHEVROLET,2002,19,198453,AUTOMATIC,WHITE,900
2006 DODGE CHARGER SE/SXT Sedan 4 Door,DODGE,2006,15,182744,AUTOMATIC,BLACK,850
2006 CHEVROLET HHR LT,CHEVROLET,2006,15,152692,AUTOMATIC,PURPLE,975
1989 BUICK REATTA Coupe,BUICK,1989,32,415811,AUTOMATIC,BLACK,850
2009 CADILLAC DTS,CADILLAC,2009,12,173403,AUTOMATIC,MAROON,750
2010 CHEVROLET IMPALA LS Sedan 4 Door,CHEVROLET,2010,11,184653,AUTOMATIC,BLACK,600
2008 CHEVROLET EQUINOX LT  Wagon 4 Door,CHEVROLET,2008,13,151584,AUTOMATIC,BLUE,975
2013 BMW 335I   CONVERTIBLE 2 Door,BMW,2013,8,1,AUTOMATIC,BLACK,750
2004 HONDA ODYSSEY EX,HONDA,2004,17,156697,AUTOMATIC,BLUE,750
2004 HONDA ACCORD EX,HONDA,2004,17,180798,AUTOMATIC,SILVER,750
2000 HONDA ACCORD LX,HONDA,2000,21,168916,AUTOMATIC,SILVER,900
2006 HONDA ODYSSEY EX,HONDA,2006,15,338011,AUTOMATIC,BLUE,775
2000 HONDA CR-V EX,HONDA,2000,21,208685,AUTOMATIC,BLACK,650
2002 FORD ESCAPE XLT,FORD,2002,19,178589,AUTOMATIC,BLACK,925
1999 FORD EXPEDITION,FORD,1999,22,268583,AUTOMATIC,GREEN,525
1998 HONDA ACCORD LX,HONDA,1998,23,192957,AUTOMATIC,BLACK,600
2004 HONDA PILOT EXL,HONDA,2004,17,299152,AUTOMATIC,WHITE,950
2002 ACURA RSX,ACURA,2002,19,261479,AUTOMATIC,SILVER,800
2003 GMC ENVOY,GMC,2003,18,297227,AUTOMATIC,BLUE,800
2001 CHEVROLET TAHOE K150,CHEVROLET,2001,20,221621,AUTOMATIC,GRAY,650
2005 HONDA ODYSSEY EX,HONDA,2005,16,264431,AUTOMATIC,WHITE,1000
2004 CHEVROLET IMPALA,CHEVROLET,2004,17,229943,AUTOMATIC,WHITE,625
2003 HONDA ACCORD,HONDA,2003,18,217228,AUTOMATIC,SILVER,775
2003 CADILLAC CTS,CADILLAC,2003,18,0,AUTOMATIC,WHITE,725
2000 HONDA CIVIC BASE,HONDA,2000,21,216455,AUTOMATIC,GRAY,650
2001 HONDA CIVIC LX,HONDA,2001,20,181020,MANUAL,SILVER,700
2005 CHEVROLET IMPALA,CHEVROLET,2005,16,166271,AUTOMATIC,GRAY,775
2007 HONDA ACCORD LX Sedan 4 Door,HONDA,2007,14,151090,AUTOMATIC,WHITE,550
2005 CHEVROLET MALIBU LS,CHEVROLET,2005,16,230970,AUTOMATIC,BLUE,750
2002 FORD EXPEDITION EDDIE BAUER Wagon 4 Door,FORD,2002,19,182400,AUTOMATIC,BLUE,1000
2005 CHRYSLER PT CRUISER,CHRYSLER,2005,16,96229,AUTOMATIC,GRAY,600
2004 FORD ESCAPE XLS Wagon 4 Door,FORD,2004,17,222398,AUTOMATIC,BLUE,550
2006 CHEVROLET IMPALA LS,CHEVROLET,2006,15,211716,AUTOMATIC,BLUE,975
2003 HONDA PILOT EX Wagon 4 Door,HONDA,2003,18,288153,AUTOMATIC,BLACK,875
2001 CHEVROLET TRACKER,CHEVROLET,2001,20,150581,AUTOMATIC,RED,900
2003 GMC ENVOY Wagon 4 Door,GMC,2003,18,1,AUTOMATIC,GRAY,550
2000 CADILLAC DEVILLE,CADILLAC,2000,21,144510,AUTOMATIC,BROWN,625
2002 HONDA CIVIC LX Sedan 4 Door,HONDA,2002,19,300925,AUTOMATIC,BLACK,800
1999 CHEVROLET TAHOE K1500 Wagon 4 Door,CHEVROLET,1999,22,264054,AUTOMATIC,GRAY,525
2007 FORD EXPLORER XLT Wagon 4 Door,FORD,2007,14,1,AUTOMATIC,BLUE,950
2004 CHEVROLET CAVALIER L,CHEVROLET,2004,17,148430,AUTOMATIC,BLUE,725
2005 FORD ESCAPE XLT Wagon 4 Door,FORD,2005,16,197634,AUTOMATIC,GRAY,950
2006 CHEVROLET EQUINOX LT,CHEVROLET,2006,15,159909,AUTOMATIC,SILVER,875
2016 FORD FOCUS SE HATCHBACK 4 Door,FORD,2016,5,69291,AUTOMATIC,GRAY,850
2004 CHEVROLET IMPALA LS,CHEVROLET,2004,17,153831,AUTOMATIC,WHITE,600
2005 CHRYSLER PACIFICA TOURING Wagon 4 Door,CHRYSLER,2005,16,162296,AUTOMATIC,LIGHT BLUE,675
2005 CHEVROLET CLASSIC Sedan 4 Door,CHEVROLET,2005,16,163013,AUTOMATIC,SILVER,575
1999 TOYOTA CAMRY CE,TOYOTA,1999,22,242529,AUTOMATIC,MAROON,900
2004 HONDA ODYSSEY EX,HONDA,2004,17,0,AUTOMATIC,GOLD,900
2007 SUZUKI FORENZA BA,SUZUKI,2007,14,87248,AUTOMATIC,BLACK,950
2004 HONDA CIVIC EX,HONDA,2004,17,201089,AUTOMATIC,GRAY,850
2006 NISSAN QUEST S,NISSAN,2006,15,166500,AUTOMATIC,WHITE,750
1999 NISSAN ALTIMA XE,NISSAN,1999,22,225155,AUTOMATIC,WHITE,800
2001 TOYOTA COROLLA CE,TOYOTA,2001,20,266047,AUTOMATIC,TAN,850
2004 HONDA ACCORD EX,HONDA,2004,17,269092,AUTOMATIC,WHITE,700
2008 NISSAN SENTRA 2.0,NISSAN,2008,13,233248,AUTOMATIC,BLUE,1000
2001 TOYOTA COROLLA CE,TOYOTA,2001,20,165105,AUTOMATIC,MAROON,850
2007 SUZUKI XL7,SUZUKI,2007,14,178907,AUTOMATIC,BURGUNDY,650
2002 NISSAN XTERRA XE,NISSAN,2002,19,152408,MANUAL,GREEN,750
2008 NISSAN MAXIMA SE,NISSAN,2008,13,175809,AUTOMATIC,BLACK,650
2000 JEEP GRAND CHER,JEEP,2000,21,229602,AUTOMATIC,BLACK,925
2003 MITSUBISHI OUTLANDER,MITSUBISHI,2003,18,223415,AUTOMATIC,SILVER,800
2004 HONDA ACCORD EX,HONDA,2004,17,0,AUTOMATIC,BLUE,799
2003 LINCOLN AVIATOR Wagon 4 Door,LINCOLN,2003,18,159460,AUTOMATIC,SILVER,950
2004 JEEP GRAND CHER,JEEP,2004,17,213569,AUTOMATIC,WHITE,1000
2007 NISSAN VERSA S,NISSAN,2007,14,90832,AUTOMATIC,BLUE,800
2006 MERCURY MILAN PREM,MERCURY,2006,15,101112,AUTOMATIC,SILVER,750
2004 TOYOTA CAMRY SOLA,TOYOTA,2004,17,294444,AUTOMATIC,SILVER,800
1997 TOYOTA CAMRY CE,TOYOTA,1997,24,192303,AUTOMATIC,BLUE,550
1999 TOYOTA CAMRY LE,TOYOTA,1999,22,166134,AUTOMATIC,GOLD,825
1999 TOYOTA CAMRY CE,TOYOTA,1999,22,0,AUTOMATIC,CHARCOAL,675
2003 TOYOTA ECHO,TOYOTA,2003,18,0,AUTOMATIC,GRAY,950
2000 NISSAN MAXIMA GLE,NISSAN,2000,21,185214,AUTOMATIC,BEIGE,850
2009 SUBARU FORESTER 2,SUBARU,2009,12,163784,AUTOMATIC,BLUE,850
2005 NISSAN ALTIMA S,NISSAN,2005,16,212173,AUTOMATIC,GRAY,500
2008 LAND ROVER LR2 SE TEC,LAND-ROVER,2008,13,220066,AUTOMATIC,SILVER,725
1987 NISSAN D21 KING C,NISSAN,1987,34,233611,AUTOMATIC,BLACK,800
2000 NISSAN FRONTIER K,NISSAN,2000,21,276497,AUTOMATIC,RED,600
2007 MAZDA 3 I,MAZDA,2007,14,217861,AUTOMATIC,GRAY,775
2000 TOYOTA COROLLA VE,TOYOTA,2000,21,238098,AUTOMATIC,WHITE,750
2005 NISSAN ALTIMA SE,NISSAN,2005,16,249529,AUTOMATIC,SILVER,950
2003 JEEP LIBERTY RE,JEEP,2003,18,166688,AUTOMATIC,SILVER,750
2005 NISSAN MURANO SL,NISSAN,2005,16,209110,AUTOMATIC,BLUE,850
2005 HYUNDAI SANTA FE G,HYUNDAI,2005,16,197560,AUTOMATIC,BLUE,975
2008 NISSAN SENTRA 2.0,NISSAN,2008,13,126003,AUTOMATIC,BLACK,900
2010 NISSAN SENTRA 2.0,NISSAN,2010,11,92341,AUTOMATIC,WHITE,525
2004 MITSUBISHI GALANT ES,MITSUBISHI,2004,17,93984,AUTOMATIC,WHITE,550
1999 JEEP GRAND CHER,JEEP,1999,22,0,AUTOMATIC,BLUE,750
2002 NISSAN ALTIMA SE,NISSAN,2002,19,0,AUTOMATIC,GREEN,550
2006 NISSAN SENTRA 1.8,NISSAN,2006,15,143916,AUTOMATIC,BLACK,925
2002 TOYOTA AVALON XL,TOYOTA,2002,19,0,AUTOMATIC,WHITE,925
2003 MITSUBISHI GALANT ES,MITSUBISHI,2003,18,199635,AUTOMATIC,GRAY,925
2004 HYUNDAI SANTA FE G,HYUNDAI,2004,17,160688,AUTOMATIC,MAROON,725
2004 TOYOTA COROLLA MA,TOYOTA,2004,17,181099,AUTOMATIC,GRAY,675
2004 JEEP LIBERTY SP,JEEP,2004,17,237160,AUTOMATIC,TAN,775
2009 CHEVROLET IMPALA 1LT,CHEVROLET,2009,12,0,AUTOMATIC,SILVER,950
2008 CHEVROLET UPLANDER L,CHEVROLET,2008,13,143813,AUTOMATIC,WHITE,725
2011 CHEVROLET CRUZE LT,CHEVROLET,2011,10,172675,AUTOMATIC,BLUE,1000
2008 DODGE CALIBER SX,DODGE,2008,13,167094,AUTOMATIC,SILVER,850
2005 FORD EXPLORER X,FORD,2005,16,203921,AUTOMATIC,BLUE,900
2015 DODGE DART SXT SEDAN 4 Door,DODGE,2015,6,134777,AUTOMATIC,BLUE,950
2003 GMC YUKON XL K,GMC,2003,18,204463,AUTOMATIC,BURGUNDY,825
2004 FORD ESCAPE XLT Wagon 4 Door,FORD,2004,17,224210,AUTOMATIC,WHITE,550
2008 NISSAN ALTIMA 2.5,NISSAN,2008,13,194703,AUTOMATIC,BLACK,950
2001 CHRYSLER TOWN & COU,CHRYSLER,2001,20,159456,AUTOMATIC,BURGUNDY,650
2006 CHEVROLET COBALT LS,CHEVROLET,2006,15,170931,MANUAL,RED,850
2010 DODGE JOURNEY SX,DODGE,2010,11,199172,AUTOMATIC,BLACK,825
2005 DODGE GRAND CARA,DODGE,2005,16,0,AUTOMATIC,SILVER,825
2001 BMW 325 I,BMW,2001,20,205933,AUTOMATIC,BLUE,700
2003 BUICK LESABRE CUSTOM Sedan 4 Door,BUICK,2003,18,186247,AUTOMATIC,BROWN,800
2008 DODGE CALIBER SE Sedan 4 Door,DODGE,2008,13,196118,AUTOMATIC,RED,725
2002 FORD ESCAPE XLT,FORD,2002,19,86880,AUTOMATIC,GRAY,725
2001 HONDA CIVIC LX Coupe,HONDA,2001,20,190866,AUTOMATIC,GREEN,950
2007 SUZUKI FORENZA BA,SUZUKI,2007,14,87248,AUTOMATIC,BLACK,800
2002 NISSAN XTERRA XE,NISSAN,2002,19,205734,AUTOMATIC,GREEN,825
2003 CHEVROLET IMPALA LS,CHEVROLET,2003,18,137489,AUTOMATIC,SILVER,525
2010 CHEVROLET MALIBU 2LT Sedan 4 Door,CHEVROLET,2010,11,137559,AUTOMATIC,WHITE,900
2004 CHEVROLET IMPALA,CHEVROLET,2004,17,229943,AUTOMATIC,WHITE,950
2011 FORD FUSION SEL,FORD,2011,10,0,AUTOMATIC,BLACK,925
2006 DODGE CARAVAN SE,DODGE,2006,15,79886,AUTOMATIC,BLUE,750
2007 DODGE GRAND CARA,DODGE,2007,14,181477,AUTOMATIC,BLUE,900
2005 BUICK LACROSSE CXL Sedan 4 Door,BUICK,2005,16,105095,AUTOMATIC,GREEN,525
2000 HONDA CR-V LX,HONDA,2000,21,186492,AUTOMATIC,BLUE,850
2002 HONDA CIVIC LX Sedan 4 Door,HONDA,2002,19,1,AUTOMATIC,SILVER,1000
2004 HONDA CIVIC EX,HONDA,2004,17,201089,AUTOMATIC,GRAY,900
2004 HONDA CIVIC LX,HONDA,2004,17,0,AUTOMATIC,WHITE,400
2012 CHEVROLET IMPALA LS,CHEVROLET,2012,9,142668,AUTOMATIC,BLACK,600
2006 CHEVROLET AVEO LT Sedan 5 Door,CHEVROLET,2006,15,155120,AUTOMATIC,YELLOW,975
2003 CADILLAC CTS,CADILLAC,2003,18,0,AUTOMATIC,WHITE,675
2007 FORD EXPLORER X,FORD,2007,14,297119,AUTOMATIC,BURGUNDY,950
2001 FORD ESCAPE XLT,FORD,2001,20,217460,AUTOMATIC,BLUE,875
2003 FORD FOCUS SE C,FORD,2003,18,157375,MANUAL,WHITE,900
2002 DODGE DURANGO SLT Wagon 4 Door,DODGE,2002,19,145298,AUTOMATIC,BLACK,850
2001 HONDA ACCORD EX,HONDA,2001,20,231549,AUTOMATIC,RED,875
2001 HONDA CIVIC LX Coupe,HONDA,2001,20,190866,AUTOMATIC,GREEN,725
2002 HONDA CIVIC LX Sedan 4 Door,HONDA,2002,19,1,AUTOMATIC,SILVER,525
2003 HONDA ACCORD LX Sedan 4 Door,HONDA,2003,18,209598,AUTOMATIC,WHITE,850
2004 HONDA ODYSSEY EXL Sport Van,HONDA,2004,17,237456,AUTOMATIC,SILVER,750
2010 HONDA CIVIC LX Sedan 4 Door,HONDA,2010,11,1,AUTOMATIC,SILVER,850
2005 FORD FIVE HUNDRED SE Sedan 4 Door,FORD,2005,16,167499,AUTOMATIC,BLUE,550
2002 FORD MUSTANG DELUXE/PREMIUM Coupe,FORD,2002,19,1,AUTOMATIC,BLUE,525
2009 FORD FUSION  SE  SEDAN 4 Door,FORD,2009,12,315732,AUTOMATIC,WHITE,900
2005 HONDA CIVIC HYBRID Sedan 4 Door,HONDA,2005,16,218896,AUTOMATIC,GRAY,550
2005 HONDA CIVIC EX   W/ FRONT SIDE AIRBAGS COUPE 2 Door,HONDA,2005,16,1,MANUAL,RED,850
2006 NISSAN QUEST S,NISSAN,2006,15,166500,AUTOMATIC,WHITE,700
2010 DODGE AVENGER R/T Sedan 4 Door,DODGE,2010,11,150135,AUTOMATIC,SILVER,900
2004 HONDA PILOT EXL Wagon 4 Door,HONDA,2004,17,193381,AUTOMATIC,SILVER,750
1999 NISSAN ALTIMA XE,NISSAN,1999,22,225155,AUTOMATIC,WHITE,975
2007 DODGE NITRO SLT/RT Wagon 4 Door,DODGE,2007,14,162386,AUTOMATIC,SILVER,725
2007 HONDA CIVIC LX Coupe,HONDA,2007,14,235021,AUTOMATIC,SILVER,800
2001 TOYOTA COROLLA CE,TOYOTA,2001,20,266047,AUTOMATIC,TAN,925
2010 CHRYSLER 300 TOURING Sedan 4 Door,CHRYSLER,2010,11,133515,AUTOMATIC,BLACK,900
2014 FORD FOCUS SE SEDAN 4 Door,FORD,2014,7,76132,AUTOMATIC,GRAY,850
2003 CHRYSLER TOWN & COUNTRY LX Sport Van,CHRYSLER,2003,18,215867,AUTOMATIC,WHITE,950
2012 HONDA CIVIC LX     AT SEDAN 4 Door,HONDA,2012,9,1,AUTOMATIC,BROWN,700
2008 NISSAN SENTRA 2.0,NISSAN,2008,13,233248,AUTOMATIC,BLUE,425
1990 BUICK ELECTRA PARK AVENUE Sedan 4 Door,BUICK,1990,31,204108,AUTOMATIC,GRAY,500
2004 HONDA CIVIC DX VP Coupe,HONDA,2004,17,205961,MANUAL,SILVER,1000
2001 TOYOTA COROLLA CE,TOYOTA,2001,20,165105,AUTOMATIC,MAROON,350
1991 FORD ESCORT LX Station Wagon,FORD,1991,30,81468,AUTOMATIC,SILVER,700
2005 FORD FOCUS ZX4 Sedan 4 Door,FORD,2005,16,180817,AUTOMATIC,BROWN,850
2007 SUZUKI XL7,SUZUKI,2007,14,178907,AUTOMATIC,BURGUNDY,750
2002 HONDA ACCORD SE Sedan 4 Door,HONDA,2002,19,213084,AUTOMATIC,BLACK,650
2002 NISSAN XTERRA XE,NISSAN,2002,19,152408,MANUAL,GREEN,950
2000 FORD MUSTANG DELUXE/PREMIUM Coupe,FORD,2000,21,86686,AUTOMATIC,SILVER,800
2005 HONDA CIVIC EX Coupe,HONDA,2005,16,161332,AUTOMATIC,BLACK,750
2008 NISSAN MAXIMA SE,NISSAN,2008,13,175809,AUTOMATIC,BLACK,800
2010 HONDA INSIGHT EX Hatchback 4 Door,HONDA,2010,11,5779,AUTOMATIC,SILVER,650
2000 JEEP GRAND CHER,JEEP,2000,21,229602,AUTOMATIC,BLACK,675
2006 LINCOLN LS,LINCOLN,2006,15,138575,AUTOMATIC,WHITE,700
2017 HONDA ACCORD SEDAN SPORT D Sedan 4 Dr.,HONDA,2017,4,159460,AUTOMATIC,BLACK,300
2004 HONDA ODYSSEY EX,HONDA,2004,17,156697,AUTOMATIC,BLUE,825
2003 GMC YUKON XL K,GMC,2003,18,204463,AUTOMATIC,BURGUNDY,550
2004 FORD ESCAPE XLT Wagon 4 Door,FORD,2004,17,224210,AUTOMATIC,WHITE,925
2002 HONDA ODYSSEY EXL Sport Van,HONDA,2002,19,156406,AUTOMATIC,GOLD,750
2000 LINCOLN TOWN CAR E,LINCOLN,2000,21,102199,AUTOMATIC,WHITE,675
2005 HYUNDAI SANTA FE GLS/LX Wagon 4 Door,HYUNDAI,2005,16,163114,AUTOMATIC,GRAY,650
2001 CHRYSLER TOWN & COU,CHRYSLER,2001,20,159456,AUTOMATIC,BURGUNDY,850
2006 CHEVROLET COBALT LS,CHEVROLET,2006,15,170931,MANUAL,RED,925
2001 CHEVROLET TAHOE K150,CHEVROLET,2001,20,221621,AUTOMATIC,GRAY,825
2005 DODGE GRAND CARA,DODGE,2005,16,0,AUTOMATIC,SILVER,700
2001 BMW 325 I,BMW,2001,20,205933,AUTOMATIC,BLUE,800
2003 BUICK LESABRE CUSTOM Sedan 4 Door,BUICK,2003,18,186247,AUTOMATIC,BROWN,725
2004 HONDA ACCORD EX,HONDA,2004,17,180798,AUTOMATIC,SILVER,700
2002 FORD ESCAPE XLT,FORD,2002,19,86880,AUTOMATIC,GRAY,750
2001 HONDA CIVIC LX Coupe,HONDA,2001,20,190866,AUTOMATIC,GREEN,900
2007 HONDA ODYSSEY EX Sport Van,HONDA,2007,14,204924,AUTOMATIC,BEIGE,825
2001 MERCEDES-BENZ E 320,MERCEDES-BENZ,2001,20,279768,AUTOMATIC,GOLD,525
2012 HYUNDAI VELOSTER BASE COUPE 2 Door,HYUNDAI,2012,9,191169,MANUAL,BLUE,900
2003 CHEVROLET IMPALA LS,CHEVROLET,2003,18,137489,AUTOMATIC,SILVER,950
2010 CHEVROLET MALIBU 2LT Sedan 4 Door,CHEVROLET,2010,11,137559,AUTOMATIC,WHITE,925
2004 CHEVROLET IMPALA,CHEVROLET,2004,17,229943,AUTOMATIC,WHITE,750
2011 FORD FUSION SEL,FORD,2011,10,0,AUTOMATIC,BLACK,900
2006 DODGE CARAVAN SE,DODGE,2006,15,79886,AUTOMATIC,BLUE,1000
2007 DODGE GRAND CARA,DODGE,2007,14,181477,AUTOMATIC,BLUE,525
2005 BUICK LACROSSE CXL Sedan 4 Door,BUICK,2005,16,105095,AUTOMATIC,GREEN,700
2000 HONDA CR-V LX,HONDA,2000,21,186492,AUTOMATIC,BLUE,400
2002 HONDA CIVIC LX Sedan 4 Door,HONDA,2002,19,1,AUTOMATIC,SILVER,600
2012 GMC ACADIA DENALI  SPORT UTILITY 4 Door,GMC,2012,9,1,AUTOMATIC,SILVER,975
2001 MERCEDES-BENZ E 430,MERCEDES-BENZ,2001,20,202497,AUTOMATIC,BLACK,675
2006 CADILLAC DTS Sedan 4 Door,CADILLAC,2006,15,131900,AUTOMATIC,TAN,975
2013 CHEVROLET CRUZE 2LT SEDAN 4 Door,CHEVROLET,2013,8,108302,AUTOMATIC,BLUE,450
2009 CHEVROLET TRAVERSE L,CHEVROLET,2009,12,267943,AUTOMATIC,BLUE,700
2007 CHEVROLET COBALT LS Sedan 4 Door,CHEVROLET,2007,14,240973,AUTOMATIC,BLACK,800
2012 CHEVROLET MALIBU 2LT SEDAN 4 Door,CHEVROLET,2012,9,150222,AUTOMATIC,SILVER,900
2010 CHEVROLET HHR 1LT Wagon 4 Door,CHEVROLET,2010,11,150006,AUTOMATIC,GRAY,400
1999 TOYOTA CAMRY CE,TOYOTA,1999,22,242529,AUTOMATIC,MAROON,950
2004 CHEVROLET CLASSIC Sedan 4 Door,CHEVROLET,2004,17,238739,AUTOMATIC,BURGUNDY,900
2002 DODGE DURANGO SLT Wagon 4 Door,DODGE,2002,19,145298,AUTOMATIC,BLACK,600
2004 HONDA ODYSSEY EX,HONDA,2004,17,0,AUTOMATIC,GOLD,600
2000 CADILLAC DEVILLE Sedan 4 Door,CADILLAC,2000,21,165892,AUTOMATIC,GOLD,950
2013 DODGE  AVENGER BASE SEDAN 4 Door,DODGE,2013,8,133400,AUTOMATIC,BLACK,750
1982 Chevrolet S Truck S10 D Pickup 2 Door,CHEVROLET,1982,39,179818,AUTOMATIC,BLACK,850
2004 HONDA CIVIC EX,HONDA,2004,17,201089,AUTOMATIC,GRAY,700
2005 CHEVROLET EQUINOX LT Wagon 4 Door,CHEVROLET,2005,16,272615,AUTOMATIC,GOLD,700
2010 DODGE AVENGER R/T Sedan 4 Door,DODGE,2010,11,150135,AUTOMATIC,SILVER,975
2006 CHEVROLET MONTE CARLO LT Coupe,CHEVROLET,2006,15,141530,AUTOMATIC,SILVER,550
2007 DODGE GRAND CARA,DODGE,2007,14,181477,AUTOMATIC,BLUE,1000
2010 CHEVROLET HHR 1LT Wagon 4 Door,CHEVROLET,2010,11,150006,AUTOMATIC,GRAY,525
2001 FORD ESCAPE XLT,FORD,2001,20,217460,AUTOMATIC,BLUE,900
2003 FORD FOCUS SE C,FORD,2003,18,157375,MANUAL,WHITE,850
2002 DODGE DURANGO SLT Wagon 4 Door,DODGE,2002,19,145298,AUTOMATIC,BLACK,875
1998 HONDA CR-V EX,HONDA,1998,23,200292,AUTOMATIC,BLACK,900
2003 HONDA ACCORD LX Sedan 4 Door,HONDA,2003,18,209598,AUTOMATIC,WHITE,800
2006 NISSAN QUEST S,NISSAN,2006,15,166500,AUTOMATIC,WHITE,800
2003 TOYOTA AVALON XL,TOYOTA,2003,18,262762,AUTOMATIC,WHITE,1000
2007 SUZUKI XL7,SUZUKI,2007,14,178907,AUTOMATIC,BURGUNDY,850
2002 NISSAN XTERRA XE,NISSAN,2002,19,152408,MANUAL,GREEN,650
2008 NISSAN MAXIMA SE,NISSAN,2008,13,175809,AUTOMATIC,BLACK,750
2000 JEEP GRAND CHER,JEEP,2000,21,229602,AUTOMATIC,BLACK,650
2003 MITSUBISHI OUTLANDER,MITSUBISHI,2003,18,223415,AUTOMATIC,SILVER,925
2004 HONDA ACCORD EX,HONDA,2004,17,0,AUTOMATIC,BLUE,800
2003 LINCOLN AVIATOR Wagon 4 Door,LINCOLN,2003,18,159460,AUTOMATIC,SILVER,799
2004 JEEP GRAND CHER,JEEP,2004,17,213569,AUTOMATIC,WHITE,950
2007 NISSAN VERSA S,NISSAN,2007,14,90832,AUTOMATIC,BLUE,1000
2006 MERCURY MILAN PREM,MERCURY,2006,15,101112,AUTOMATIC,SILVER,800
2004 TOYOTA CAMRY SOLA,TOYOTA,2004,17,294444,AUTOMATIC,SILVER,750
1997 TOYOTA CAMRY CE,TOYOTA,1997,24,192303,AUTOMATIC,BLUE,800
1999 TOYOTA CAMRY LE,TOYOTA,1999,22,166134,AUTOMATIC,GOLD,550
1999 TOYOTA CAMRY CE,TOYOTA,1999,22,0,AUTOMATIC,CHARCOAL,825
2003 TOYOTA ECHO,TOYOTA,2003,18,0,AUTOMATIC,GRAY,675
2000 NISSAN MAXIMA GLE,NISSAN,2000,21,185214,AUTOMATIC,BEIGE,950
2005 NISSAN ALTIMA S,NISSAN,2005,16,212173,AUTOMATIC,GRAY,850
2008 LAND ROVER LR2 SE TEC,LAND-ROVER,2008,13,220066,AUTOMATIC,SILVER,500
1987 NISSAN D21 KING C,NISSAN,1987,34,233611,AUTOMATIC,BLACK,725
2000 NISSAN FRONTIER K,NISSAN,2000,21,276497,AUTOMATIC,RED,800
2007 MAZDA 3 I,MAZDA,2007,14,217861,AUTOMATIC,GRAY,600
2000 TOYOTA COROLLA VE,TOYOTA,2000,21,238098,AUTOMATIC,WHITE,775
2005 NISSAN ALTIMA SE,NISSAN,2005,16,249529,AUTOMATIC,SILVER,750
2003 JEEP LIBERTY RE,JEEP,2003,18,166688,AUTOMATIC,SILVER,950
2005 NISSAN MURANO SL,NISSAN,2005,16,209110,AUTOMATIC,BLUE,750
2005 HYUNDAI SANTA FE G,HYUNDAI,2005,16,197560,AUTOMATIC,BLUE,850
2008 NISSAN SENTRA 2.0,NISSAN,2008,13,126003,AUTOMATIC,BLACK,975
2010 NISSAN SENTRA 2.0,NISSAN,2010,11,92341,AUTOMATIC,WHITE,900
2004 MITSUBISHI GALANT ES,MITSUBISHI,2004,17,93984,AUTOMATIC,WHITE,525
1999 JEEP GRAND CHER,JEEP,1999,22,0,AUTOMATIC,BLUE,550
2002 NISSAN ALTIMA SE,NISSAN,2002,19,0,AUTOMATIC,GREEN,750
2006 NISSAN SENTRA 1.8,NISSAN,2006,15,143916,AUTOMATIC,BLACK,550
2004 HYUNDAI SANTA FE G,HYUNDAI,2004,17,160688,AUTOMATIC,MAROON,925
2004 TOYOTA COROLLA MA,TOYOTA,2004,17,181099,AUTOMATIC,GRAY,725
2004 NISSAN MURANO SL,NISSAN,2004,17,185024,AUTOMATIC,BLACK,675
1999 JEEP GRAND CHER,JEEP,1999,22,168596,AUTOMATIC,MAROON,875
1996 JEEP GRAND CHER,JEEP,1996,25,196637,AUTOMATIC,GREEN,875
2008 NISSAN SENTRA 2.0,NISSAN,2008,13,129450,AUTOMATIC,GRAY,900
2001 TOYOTA AVALON XL,TOYOTA,2001,20,202308,AUTOMATIC,TAN,1000
2001 MITSUBISHI MONTERO SP,MITSUBISHI,2001,20,166329,AUTOMATIC,SILVER,600
2000 JEEP GRAND CHER,JEEP,2000,21,203085,AUTOMATIC,GRAY,625
2003 SUZUKI AERIO SX,SUZUKI,2003,18,123324,AUTOMATIC,WHITE,475
1995 TOYOTA COROLLA,TOYOTA,1995,26,218234,MANUAL,RED,750
1998 TOYOTA CAMRY CE,TOYOTA,1998,23,0,AUTOMATIC,GRAY,800
2000 TOYOTA COROLLA VE,TOYOTA,2000,21,204557,AUTOMATIC,TAN,700
2005 CHEVROLET TRAILBLAZER LS/LT Wagon 4 Door,CHEVROLET,2005,16,171500,AUTOMATIC,BLACK,800
2005 NISSAN MURANO SL,NISSAN,2005,16,209110,AUTOMATIC,BLUE,950
1998 JEEP GRAND CHEROKEE LAREDO SE Wagon 4 Door,JEEP,1998,23,194079,AUTOMATIC,PURPLE,450
2006 CHEVROLET EQUINOX LT Wagon 4 Door,CHEVROLET,2006,15,219295,AUTOMATIC,GOLD,700
2007 CHRYSLER PT CRUISER,CHRYSLER,2007,14,94324,AUTOMATIC,SILVER,700
2010 DODGE CHARGER SX,DODGE,2010,11,224923,AUTOMATIC,BLACK,1000
2011 CHEVROLET AVEO LS/LT Sedan 4 Door,CHEVROLET,2011,10,99188,AUTOMATIC,SILVER,925
2003 HONDA ODYSSEY EX,HONDA,2003,18,233234,AUTOMATIC,GOLD,825
2008 NISSAN SENTRA 2.0,NISSAN,2008,13,126003,AUTOMATIC,BLACK,850
2003 HYUNDAI ELANTRA GLS/GT Sedan 4 Door,HYUNDAI,2003,18,219527,AUTOMATIC,BLUE,600
2003 CHEVROLET IMPALA LS,CHEVROLET,2003,18,137489,AUTOMATIC,SILVER,825
2005 CHEVROLET EQUINOX LT Wagon 4 Door,CHEVROLET,2005,16,168247,AUTOMATIC,BROWN,700
2013 CHRYSLER 200 LIMITE,CHRYSLER,2013,8,0,AUTOMATIC,BLACK,950
2005 FORD ESCAPE XLT,FORD,2005,16,158948,AUTOMATIC,BLUE,525
2010 CHEVROLET MALIBU LS Sedan 4 Door,CHEVROLET,2010,11,155547,AUTOMATIC,BLUE,1000
2008 GMC ENVOY DENA,GMC,2008,13,149808,AUTOMATIC,WHITE,675
2003 FORD FOCUS SE C,FORD,2003,18,157375,MANUAL,WHITE,975
2010 NISSAN SENTRA 2.0,NISSAN,2010,11,92341,AUTOMATIC,WHITE,800
2005 NISSAN MURANO SE/SL/S Wagon 4 Door,NISSAN,2005,16,187289,AUTOMATIC,BLACK,900
2012 CHEVROLET IMPALA LS,CHEVROLET,2012,9,142668,AUTOMATIC,BLACK,450
2008 BMW 328I Sedan 4 Door,BMW,2008,13,122318,AUTOMATIC,GRAY,700
2002 CHEVROLET IMPALA,CHEVROLET,2002,19,153853,AUTOMATIC,MAROON,550
2016 CHEVROLET SONIC LTZ D Sedan 5 Dr.,CHEVROLET,2016,5,60189,AUTOMATIC,BLACK,950
2000 FORD FOCUS ZTS,FORD,2000,21,184938,AUTOMATIC,WHITE,725
2001 FORD MUSTANG,FORD,2001,20,0,AUTOMATIC,BLACK,725
2010 CHEVROLET IMPALA LS Sedan 4 Door,CHEVROLET,2010,11,200154,AUTOMATIC,BLUE,875
1999 HONDA ACCORD LX,HONDA,1999,22,237151,AUTOMATIC,GRAY,900
2001 HONDA CIVIC EX,HONDA,2001,20,260699,MANUAL,SILVER,650
2004 MITSUBISHI GALANT ES,MITSUBISHI,2004,17,93984,AUTOMATIC,WHITE,900
2007 MITSUBISHI ECLIPSE Hatchback 2 Door,MITSUBISHI,2007,14,201559,AUTOMATIC,BLACK,400
2008 CHEVROLET MALIBU LS,CHEVROLET,2008,13,154383,AUTOMATIC,GRAY,800
2006 CHEVROLET AVEO LT Sedan 5 Door,CHEVROLET,2006,15,155120,AUTOMATIC,YELLOW,525
2002 AUDI A4 1.8T QU,AUDI,2002,19,117022,AUTOMATIC,SILVER,375
2007 CHEVROLET COBALT LS Sedan 4 Door,CHEVROLET,2007,14,135181,AUTOMATIC,SILVER,1000
2009 CHEVROLET COBALT LT,CHEVROLET,2009,12,112824,MANUAL,GOLD,875
2002 BUICK RENDEZVOUS,BUICK,2002,19,0,AUTOMATIC,BLUE,550
2006 DODGE CHARGER SE/SXT Sedan 4 Door,DODGE,2006,15,182744,AUTOMATIC,BLACK,450
2006 HONDA ACCORD SE,HONDA,2006,15,239054,AUTOMATIC,BLACK,950
1997 FORD EXPLORER,FORD,1997,24,220043,AUTOMATIC,RED,800
2002 NISSAN ALTIMA SE,NISSAN,2002,19,0,AUTOMATIC,GREEN,1000
2008 PONTIAC G6 VALUE LEADER Sedan 4 Door,PONTIAC,2008,13,198696,AUTOMATIC,DARK BLUE,625
